Titre	démarches	dossiers
Vérification préalable à l'embauche- Préfecture de Seine-et-Marne	1	107968
DÉCLARATION DES DONS	1	58696
Authentification des titres de séjour et des autorisations de travail	1	51827
Déclaration de détention d'animaux d'espèces non domestiques	1	29699
PREFECTURE DE POLICE - Délivrance d'une carte de stationnement pour les titulaires d'une autorisation de stationnement (ADS) de taxis parisiens (changement de véhicule ou d'horodateur, perte ou vol de la carte de stationnement, première délivrance)       	1	20280
Demande de visa exceptionnel pour 30 séances maximum (100 pour les documentaires)	1	14442
Demande de médaille d'honneur du travail - Pas de Calais	2	13456
ADELI Ile-de-France _ Changement de situation - Sept 2021	1	12577
Attestation d'accessibilité d'un établissement recevant du public de catégorie 5	2	11943
ADELI - Changement de situation - 	1	10874
Pass Culture - Dossier de coordonnées bancaires	1	10419
FONDS VERT - Rénovation énergétique des bâtiments publics locaux	1	9283
ADELI Ile de France - Enregistrement des auxiliaires médicaux - Sept 2021	1	9013
Demande personnelle de formulaire U1 / E301	1	8970
Demande de médaille d'honneur des chemins de fer	1	8694
PREFECTURE DE POLICE - Déclaration des débuts et des fins de contrats de travail ou de location-gérance des professionnels de taxis parisiens	1	7849
ADELI - Auxiliaires médicaux	2	7806
DDPP85 / Influenza aviaire / Demande de LPS 2022	1	7356
TOPO DESK - Direction du Domaine Public - Certificat de numérotation	1	6729
Demande de code spécifique pour l'inscription sur la liste des produits et prestations	2	6453
Service sanitaire: recueil d'information par étudiant	2	6431
 PP/DUPA : Déclaration d'ouverture d'un restaurant ou d'une vente à emporter	1	6177
Référencement des verres d'optique médicale de classe A et identification ligne générique verres de classe B pris en charge sur la LPP	1	5757
Mise à jour des coordonnées bancaires d'un point de remboursement	2	5677
DDPP22 / Influenza aviaire / Demande de LPS 	1	5307
DDETSPP79 / Influenza aviaire / Demande de LPS 2022	1	5217
FONDS VERT - Rénovation des parcs de luminaires d’éclairage public	1	5126
ADELI Ile de France - Enregistrement des psychologues - Sept 2021	1	4976
PP/DUPA - Déclaration de mutation,  de translation d'un débit de boisson	1	4618
Dossier de candidature à la Grande Exposition du Fabriqué en France	2	4506
 F301 - Commande de carte de personnel de structure	1	4291
DDPP49 / Influenza aviaire / Demande de LPS 2022	1	4269
ARS PDL - ADELI - Auxiliaires médicaux	1	4223
Attestation d'achèvement des travaux et/ou actions de mise en accessibilité prévus dans un Ad'AP approuvé d'un établissement recevant du public	1	3581
F413 - Déclaration des administrateurs techniques autorisés à commander des certificats logiciels	1	3434
Agrément 2024 des experts automobiles	1	3219
Déclaration d’un programme d’éducation thérapeutique du patient auprès de l’Agence régionale de santé 	2	3202
FONDS VERT - Renaturation des villes et des villages	1	3183
Déclaration des opérations de logements locatifs intermédiaires 	1	3085
Enquête Répartition Gaz - Hiver 2022-2023	1	3080
Aide aux études et travaux sur monuments historiques	1	2974
Demande de fiche matricule d'un navire de plaisance	1	2948
Enquête SOLTéA	1	2946
Commande kit animation CNFS	2	2896
 DEMANDE DE CONTROLE DE BRANCHEMENT AU RESEAU PUBLIC D'EAUX USEES (DANS LE CADRE D'UNE TRANSACTION IMMOBILIERE)	1	2828
Maladie Hémorragique Epizootique. Indemnisation des frais vétérinaires et des mortalités. Foyer clinique 2023	1	2803
ADELI - Psychologues.	1	2535
Mise à jour des coordonnées bancaires de remboursement des offres pass Culture d'un lieu	1	2518
Médiation de Bercy	1	2518
FONDS VERT - Accompagnement de la stratégie nationale biodiversité 2030	1	2475
FONDS VERT - Recyclage foncier 	1	2380
Installations de combustion moyennes (MCP) - Recueil de données	2	2338
Fonds d'urgence en vue de soutenir les exploitations viticoles en difficulté - Gironde 2024	1	2316
ADELI - Inscription des Auxiliaires médicaux - ARS Centre Val de Loire	4	2203
V2 DDPP85_IAHP_demandes de délégation de crédits à la DRAAF PDL	1	2165
Demande d'aide à la formation et rémunération	1	2130
DDETSPP40 / Influenza aviaire / Demande de LPS 2021-22	1	2109
DDPP56 / Influenza aviaire / Demande de LPS 	1	2080
RADON : Déclaration des mesurages de l'activité volumique en radon effectués dans certains établissements recevant du public au titre du code de la santé publique	1	2051
ARS PDL - ADELI - CHANGEMENT DE SITUATION	1	2000
Indemnisation des gardiens de fourrière	1	1995
Inscription sur la liste des défenseurs syndicaux d'Ile-de-France (mandat 2024/2028)	1	1994
ADELI Ile de France - Enregistrement des auxiliaires médicaux (15.10.20)	1	1972
Passeport talent mention "création d'entreprise" : demande d'une attestation reconnaissant le caractère réel et sérieux d'un projet de création d'entreprise / Request for a certificate recognising the the real and serious nature of a business creation project	1	1830
DDPP44 / Influenza aviaire / Demande de LPS 2022-2023	1	1784
[PIC-EA] Attestation de Service Fait – Formation et Rémunération	1	1773
[CEPS] Déclaration de prix des dispositifs médicaux et produits LPPR (L. 165-2-2 CSS) 	1	1755
Fonds d'urgence viticulture Hérault	1	1688
FDI - AAP 2021 - Demande de subvention - Présentation du projet local	1	1674
DDPP85 / IAHP / Déclaration Mise en place ZCT Faune sauvage	1	1641
ADELI Ile de France - Enregistrement des ostéopathes et des chiropracteurs (Avril2022)	1	1608
ARS CVL- Signalement de changement de situation au répertoire ADELI	1	1590
Mois sans tabac 2022 : saisie d'une action	1	1554
ADELI - Usagers  de titres professionnels.	1	1503
Aide individuelle à la création (AIC) - 2024	1	1482
ADELI Ile-de-France _ Changement de situation (18.03.2021)	1	1422
ARS PDL - ADELI - ENREGISTREMENT DES PSYCHOLOGUES  - PAYS DE LA LOIRE	1	1403
Mois sans tabac : saisie d'une action	1	1402
ADELI Ile de France - Enregistrement des psychothérapeutes (Janv.2022)	1	1400
Demande de prise en charge de cotisations suite au gel d'avril 2021	2	1373
Dérogation Espèces Protégées	1	1350
F202 - Demande d'attribution de carte de professionnel de santé (CPS)	1	1342
HELP « aide aux entreprises en difficultés » Centre-Val de Loire	1	1253
PP/DUPA - Demande d'autorisation de tenue de débits de boissons temporaires à Paris	1	1250
Mois sans tabac 2023 : saisie d'une action	1	1249
HELP « aide aux entreprises en difficultés » Rhône-Alpes	2	1245
DEETS 974 - Demande d'agrément pour organiser des sessions d'examen conduisant au Titre Professionnel du Ministère du Travail	1	1219
Attestation d'accessibilité d'un établissement recevant du public de catégorie 1 à 4	1	1213
Mois sans tabac 2023 : saisie d'une action pour les promoteurs de l'Assurance maladie	1	1211
Dispositif d'arrachage sanitaire des vignes en Gironde	1	1205
Labellisation Entreprise du Patrimoine Vivant (EPV)	1	1202
Appel à projets 2023 - Programme Mieux Manger Pour Tous	1	1198
FONDS VERT - Prévention des risques d’incendies de forêt et de végétation	1	1188
Simplification de la transmission des données apprentissage	1	1181
PAYS de la LOIRE - DEMANDE D'AGREMENT POUR ORGANISER DES SESSIONS D’EXAMEN CONDUISANT AU TITRE PROFESSIONNEL DU MINISTERE CHARGE DE L’EMPLOI ou au Certificat complémentaire de spécialisation (CCS) (Article R.338-8 du code l’éducation)	1	1178
HELP « aide aux entreprises en difficultés » Nord	3	1161
DDETSPP32 / Influenza aviaire / Demande de LPS 2021-2022	1	1146
Reporting projet lauréats (ITN/SNAP)	3	1129
Fonds d'urgence viticulture du Gard	1	1118
Bilan Été culturel 2022	1	1111
Déclaration de manifestations sur voie publique sur le département de la Seine-Saint-Denis	1	1106
Aide individuelle à la création (AIC) - 2023	1	1105
Mois sans tabac : saisie d'une action pour les promoteurs de l'Assurance maladie	1	1096
Dispositif d'arrachage sanitaire en Gironde : pré-candidature	1	1084
Demande de subvention au titre de la DETR et de la DSIL (Oise)	1	1055
Aide individuelle à la création 2022	1	1053
FDI - AAP 2020 - Outil de suivi au titre des emplois créés/maintenus (campagne de juillet 2021)	1	1038
Procédure d'enregistrement de l'exploitant pour obtenir le droit d'usage de la marque collective déposée "Nutri-Score"	7	1034
PREFECTURE DE POLICE - Dépôt du dossier en vue de la délivrance d’une autorisation de stationnement (ADS) gratuite	1	982
FDI 2022 - Demande de subvention - Présentation du projet	1	955
DDETSPP24 / IAHP / Demande de LPS 2022 	1	953
DDETSPP47 / Influenza aviaire / Demande de LPS 2022	1	931
ADELI Ile de France - Enregistrement des psychologues (15.10.20)	1	929
Aides Minimis - Demande de situation de l'exploitation dont le siège est dans la Drôme	1	920
V2 DDPP49_IAHP_demandes de délégation de crédits à la DRAAF PDL	1	885
ARS PDL - ADELI -ENREGISTREMENT DES USAGERS DE TITRES PROFESSIONNELS	1	877
Dispositif d’urgence – Soutien aux exploitations d'élevage suite à la tempête Ciaran, aux inondations et aux intempéries débutées en nov 2023	1	869
FONDS VERT - Renforcement des aides apportées par les PAPI et appui financier aux collectivités, gestionnaires de digues, dans le cadre de la compétence GEMAPI	1	866
Demande de subvention au titre de la DETR et de la DSIL (Seine-Maritime)	1	861
V2DDPP44_IAHP_demandes de délégation de crédits à la DRAAF PDL	1	836
Demande d'informations ICPE	1	831
FDI - AAP 2020 - Outil de suivi au titre des emplois créés/maintenus (campagne de septembre 2021)	1	812
PREF80 - Vote des taux de la fiscalité directe locale - 2024	1	810
Aide d'urgence aux exploitations en agriculture biologique en difficulté	1	804
Demande de subvention au titre de la DETR et de la DSIL 2024 (Pas de Calais)	1	795
Foires et Salons	1	793
French Tech Tremplin - Incubation	1	784
ARS Île-de-France - programme de financement de Santé publique pour 2022 -	1	784
PREF80 - Vote des taux de la fiscalité directe locale - 2023	1	765
Demande de paiement d'une dotation	2	762
Fichier employeur : Demande de contrôle de mon salarié ou de ma salariée	1	758
PREF80 - Demande de paiement d'une subvention (DETR-DSIL-FNADT-DSID)	1	757
ARS Île-de-France - Evaluation annuelle des programmes ETP 2024 (activité 2023)	1	747
Demande de subvention au titre de la DETR et de  la DSIL (Aisne)	1	745
LBC Reboisement - projet individuel	1	744
HELP « aide aux entreprises en difficultés » Gironde	1	728
ARS - ADELI - Inscription des Psychologues  - Centre Val de Loire	2	727
LBC Boisement - projet individuel	1	723
Dispositif d'indemnisation exceptionnelle des exploitations ultra-marines productrices de fruits et légumes touchées par la hausse de leurs charges en intrants en 2023 engendrée par les conséquences de l’agression de la Russie contre l’Ukraine	1	718
Vote des taux de la fiscalité directe locale - Oise - 2024	1	714
Demande de subvention au titre de la DETR et de la DSIL (Eure)	1	714
FDI - AAP 2020 - Outil de suivi au titre des emplois créés/maintenus (campagne de novembre 2021)	1	703
CA/F202 - Contrat d’Adhésion et déclaration de représentant légal	1	683
ADELI 971- Changement de situation 	1	682
Allocation d'installation d'atelier (AIA) - 2024	1	681
Demande d'agrément pour l'immobilier d'entreprise (art. L. 510-1 du code de l'urbanisme)	1	675
Vote des taux de la fiscalité directe locale - Oise - 2022	1	668
Allocation d'installation d'atelier et achat de matériel 2022	1	661
FDI - AAP 2020/2021 - Outil de suivi au titre des emplois créés/maintenus (campagne de mars 2022)	1	660
Demande de subvention au titre de la DETR et de la DSIL 2024 - Gironde	1	657
Formulaire de demande unique de pénétration de zone interdite de survol	1	657
FATEA - DOSSIER DE DEMANDE DE SUBVENTION 2021	1	655
DDPP 59 / Influenza aviaire / Demande de LPS	1	650
PREFECTURE DE POLICE - ADS - PMR- JOP - Contrôle de l'exploitation effective et continue -Transmission des pièces justificatives	1	650
Demande de subvention au titre de la DETR et de  la DSIL (Moselle)	1	647
Candidature pour la session nationale de l'IHEDN - 2024/2025	1	647
French Tech Tremplin - Incubation 2	1	640
 Journée nationale de la résilience-Appel à projets 2023	1	637
FDI - AAP 2020/2021 - Outil de suivi au titre des emplois créés/maintenus (campagne de janvier 2022)	1	630
Demande de subvention au titre de la DETR et de  la DSIL (Somme) 	1	629
FDI - AAP 2020 - Outil de suivi au titre des emplois créés/maintenus (campagne d'octobre 2021)	1	622
Aide trésorerie d'urgence Aude - Gel avril 2021	1	622
Demande de subvention au titre de la DETR et de la DSIL 2024 (Meurthe-et-Moselle)	1	620
LBC Grandes Cultures 	1	606
Demande de reconnaissance d'un service de presse en ligne	1	605
DDPP35 / Influenza aviaire / Demande de LPS	1	600
FDI - AAP 2020 - Outil de suivi au titre des emplois créés/maintenus (campagne de décembre 2021)	1	595
Finistère - Tempête Ciaran - Aide à la Trésorerie	1	592
Demande de subvention de DETR ou DSIL ou FNADT ou DSID 2022 - Ariège	1	592
FONDS VERT - Soutien au tri à la source et à la valorisation des biodéchets	1	584
Dispositif HELP « Aide aux entreprises en difficulté » Bretagne	1	583
FONDS VERT - Développement du covoiturage	1	583
PREF30 - Demande de paiement d'une subvention (DETR-DSIL-FNADT-DSID-DPV-DSEC-TIL-PITE-FONDS VERT)	1	572
Subventions 2022	1	571
Demande de subvention au titre de la DETR et de  la DSIL (Nord)	1	561
FDI - AAP 2020/2021 - Outil de suivi au titre des emplois créés/maintenus (campagne d'Avril 2022)	1	554
PREFECTURE DE LA MANCHE - Demande de versement des subventions DETR-DSIL-DSID-FV	1	552
Demande de subvention au titre de la DETR et de la DSIL (Finistère)	1	548
Allocation d'installation d'atelier (AIA) - 2023	1	541
Engagement Sapeur-Pompier Volontaire SDIS17 MAJEUR	1	540
HELP « aide aux entreprises en difficultés » Rhône-Alpes-V1	1	539
ARS Île-de-France - programme de financement de Santé publique pour 2021 -	1	539
ANSM - Demande d’autorisation préalable de publicité : dispositifs médicaux (DM) et dispositifs médicaux de diagnostic in vitro (DMDIV)	1	538
Demande de subvention au titre de la DETR et de la DSIL (Côte-d'Or)	1	535
ARS Île-de-France - Fiche d'identité de la structure demandeuse au titre d'un financement de santé publique	1	533
Déclaration préalable d'opération de fumigation - DRAAF Nouvelle Aquitaine	1	522
Demande de subvention au titre de la DETR et de la DSIL 2024 (Seine-et-Marne)	1	521
ADELI 971- Auxiliaires médicaux 	1	512
Demande de subvention au titre de la DETR et de la DSIL (Ariège)	1	512
Demande de subvention  au titre de la DETR ou de la DSIL  pour 2023	1	512
Demande d'agrément CII (Crédit d'Impôt Innovation) 2023-2027 par une entreprise NON titulaire d'un agrément CIR en cours de validité	1	511
ANSM - Déclaration de la personne de référence en matière de pharmacovigilance en France (RPV)	1	510
DEMANDE DE BRANCHEMENT AU RESEAU D'EAU POTABLE ET/OU AU RESEAU D'EAUX USEES	1	509
Défenseurs syndicaux d'Ile-de-France : ajout sur la liste d'un nouveau défenseur syndical	1	507
Candidater au 142e cycle Jeunes de l'IHEDN	1	501
FONDS VERT - Accompagnement du déploiement des zones à faibles émissions mobilité (ZFE)	1	496
Demande de subvention au titre de la DETR et de la DSIL (Manche)	1	494
Demande de visa exceptionnel pour deux jours d'une même semaine cinématographique et un maximum de 500 séances	1	492
HELP « aide aux entreprises en difficulté » IdF département 75	2	489
Demande de subvention au titre de la DETR et de la DSIL (Eure-et-Loir)	1	487
ADELI Ile de France - Enregistrement des usagers de titres professionnels (15.10.20)	1	484
Demande de subvention au titre de la DETR et de  la DSIL (Puy-de-Dôme)	1	475
Demande de subvention au titre de la DETR et de la DSIL 2024 (Hautes-Pyrénées)	1	471
Demande de subvention au titre de la DETR et de la DSIL (Ardennes)	1	468
Guichet unique Travail DRIEETS	1	468
DDPP72 / Influenza aviaire / Demande de LPS 2022	1	466
Demande de subvention au titre de la DETR et de la DSIL (Ardèche)	1	465
Déclaration de spectacle pyrotechnique (SOMME)	1	465
DREETS ARA - CONSEILLER DU SALARIE - DEMANDE DE REMBOURSEMENT DU SALAIRE MAINTENU	3	461
Subventions 2021	1	461
ADELI - Assistants de service social 	1	454
FDI - AAP 2020/2021 - Outil de suivi au titre des emplois créés/maintenus (Emplois créés jusqu'au 31 décembre 2022)	1	451
Demande de subvention au titre de la DETR et de la DSIL 2024	1	450
Agence nationale du Sport - Appel à projets national - Soutien aux acteurs socio-sportifs	1	447
Demande de subvention  au titre de la DETR ou de la DSIL  pour 2022	1	444
HELP « aide aux entreprises en difficulté » Bourgogne	1	443
DEMANDE DE CONTROLE D'UNE INSTALLATION D'ASSAINISSEMENT NON COLLECTIF DANS LE CADRE D'UNE TRANSACTION IMMOBILIERE	1	436
Demande de subvention au titre de la DETR et de la DSIL (Marne)	1	435
Demande de subvention au titre de la DETR et de la DSIL (Corrèze)	1	434
HELP « aide aux entreprises en difficultés »	3	428
ARS Île-de-France - programme de financement de Santé publique pour 2020 -	1	427
Demande de subvention au titre de la DETR et de la DSIL (Ille-et-Vilaine)	1	425
Préfecture 93 - mandataires judiciaires - communication des données du SIV	1	420
Taxis parisiens - Aide à l'acquisition ou à la location de taxis peu polluants accessibles en fauteuil roulant	1	413
Demande de subvention au titre de la DETR et de la DSIL (Aveyron)	1	403
VRL Occitanie - Programmation 2022	1	395
Demande de subvention DETR ou DSIL 2023	1	394
AMI CMA - Soumission Lettre d'Intention - Dispositifs de formation	1	393
CPAM 781 - TAXIS conventionnés - Obligations conventionnelles - 2024	1	392
Inscription en tant que demandeur de Label Bas-Carbone	1	391
Aide à l'exemplaire pour les titres de presse postés	1	389
Demande de subvention au titre de la DETR et de la DSIL (Charente-Maritime)	1	389
Demande de subvention au titre de la DETR et de la DSIL (Doubs)	1	384
Images de la culture pour tous 2023 	1	382
Demande de subvention au titre de la DETR et de la DSIL 2024 (Haute-Garonne)	1	380
FranceRelance  : Fonds "Transformation numérique des collectivités territoriales" > Guichet > Déployer FranceConnect	2	380
Demande de subvention DETR - DSIL - Exercice 2022 - Morbihan	1	379
SRC 974 - Demande d'attestation au titre d'activités s'inscrivant dans le cadre de la formation professionnelle	1	376
DDPP85 / demande LPS pour un mouvement de viandes et produits issus d'animaux provenant de ZONE DE PROTECTION vis-à-vis de l'Influenza aviaire	1	374
Demande de subvention au titre de la DETR et de  la DSIL (Meuse)	1	373
Demandes relatives à l'agrément d'un centre de contrôle technique de véhicules motorisés à deux ou trois roues et quadricycles à moteur	1	373
DRIEETS-IDF _ Demande d'agrément pour organiser des sessions d'examen conduisant au titre professionnel du ministère du travail (ou certificat complémentaire de spécialisation)	1	367
Dépôt des plans de performance énergétique et des suivis annuels pour bénéficier de l'abattement TURPE	1	366
FATEA 2023 - DOSSIER DE DEMANDE DE SUBVENTION - Priorité 1 : Développement du volume d’affaires ou des capacités d’accompagnement 	1	366
Demande de subvention au titre de la DETR et de la DSIL (Vienne)	1	364
Demande de subvention au titre de la DETR et de la DSIL (Dordogne)	1	364
Côtes-d'Armor - Tempête Ciaran - Aide à la Trésorerie	1	364
Demande de subvention au titre de la DETR et de la DSIL (Loiret)	1	363
Aide individuelle à la création	1	363
Subventions DETR 2023	1	360
FATEA 2020 - Plan de soutien aux Entreprises Adaptées (campagne de juillet 2021)	1	359
Demande de subvention au titre de la DETR et de  la DSIL (Hérault)	1	358
Demande de subvention de DETR ou DSIL 2023 - PREF43	1	357
HELP « aide aux entreprises en difficultés » 13	1	357
DDPP56/ demande de LPS pour un mouvement de viandes et produits issus d'animaux/ Influenza Aviaire	1	356
Demande de subvention au titre de la DETR et de  la DSIL (Allier)	1	355
Département de la Sarthe - Formulaire de demande de subvention au titre de la DETR et DSIL pour l'année 2024	1	354
Demande de subvention au titre de la DETR et de la DSIL (Saône-et-Loire)	1	354
Demande de subvention  DETR et DSIL 2024 - Haute-Vienne	1	354
Dispositif d'indemnisation exceptionnel des exploitations ultra-marines productrices de fruits et légumes touchées par la hausse des charges d'engrais et d'amendements engendrée par la guerre en Ukraine pour l'année 2022.	2	352
FDI - AAP 2020/2021 - Outil de suivi au titre des emplois créés/maintenus (campagne de février 2022)	1	351
Formulaire de dépôt de projet - AID	3	350
Demande de subvention au titre de la DETR et de  la DSIL (Yonne) 	1	349
Demande d'agrément annuel PH3  - DRAAF Nouvelle Aquitaine	1	349
Guichet Unique Pas de Calais Inondation Reconstruction 	2	349
HELP « aide aux entreprises en difficultés » 83	1	345
Accompagnement coordonné des travailleurs indépendants en Loire-Atlantique	1	344
Accès à l'apprentissage des jeunes de moins de 15 ans (campagne 2023)	1	342
Demande de subvention au titre de la DETR et de la DSIL (Cantal)	1	342
Demande de subvention au titre de la DETR et de la DSIL (Côtes-d'Armor)	1	342
HELP « aide aux travailleurs indépendants en difficultés » HAUTE-GARONNE	1	340
DDPP22 - Demande de laissez-passer - Mouvement ŒUFS provenant d'un élevage de volailles déclaré infecté par SALMONELLA	1	340
Demande de subvention au titre de la DETR et de  la DSIL (Gers)	1	337
Demande de subvention au titre de la DETR et de  la DSIL (Tarn) 	1	337
DDPP29 / Influenza aviaire / Demande de LPS 	2	335
Fonds d'aide aux échanges artistiques et culturels pour les outre-mer (FEAC 2024)	1	334
Demande de subvention au titre de la DETR et de la DSIL (Isère)	1	334
Taxis - Déclaration en ligne annuelle annexe 1	2	329
Demande de subvention au titre de la DETR et de la DSIL 2024 (Landes)	1	328
Demande de subvention au titre de la DETR et de la DSIL 2024 - Rhône	1	326
Demande de subvention au titre de la DETR et de  la DSIL (Indre-et-Loire)	1	324
DDPP49 / IAHP / Déclaration Mise en place de volailles dans la ZCT départementale 49	1	324
FNP CNRACL : Accompagnement financier en matériel 	1	323
Demande de subvention DETR et DSIL - Exercice 2023 - Morbihan	1	323
Demande de subvention au titre de la DETR et de  la DSIL (Haute-Saône) 	1	321
Fonds violences urbaines - demandes de crédits à la DGCL	1	320
Demande de subvention au titre de la DETR et de la DSIL 2024 (Département du Bas-Rhin)	1	320
Demande de subvention au titre de la DETR et de  la DSIL (Loire-Atlantique)	1	318
Candidater au 138e cycle Jeunes de l'IHEDN	1	317
Demande de subvention au titre de la DETR et de la DSIL (Pyrénées-Atlantiques)	1	316
Demande de subvention au titre de la DETR et de  la DSIL (Loir-et-Cher)	1	315
Demande de subvention de DETR ou DSIL ou FNADT ou DSID 2021 - Ariège	1	315
Demande de subvention au titre de la DETR et de  la DSIL (Nièvre)	1	314
ADELI - Inscription des Ostéopathes, Psychothérapeutes, Chiropracteurs  - Usagers de titres -ARS Centre Val de Loire	2	314
Département du Bas-Rhin - Déclaration pour l'exercice de l'activité de transport par route de déchets.	2	313
HELP « aide aux entreprises en difficultés » SEINE MARITIME	1	313
Appel à Candidatures : Fabriques de territoire Vague 10	1	312
F201 - Demande d'attribution de carte de professionnel de santé (CPS) Auxiliaires Médicaux salariés	1	310
Demande de subvention au titre de la DETR et de  la DSIL (Ain)	1	310
Appel à Manifestation d'Intérêt : Fabriques de territoire 8	1	309
Demande de subvention DETR ou DSIL classique pour 2022	2	309
Demande de subvention au titre de la DETR et de la DSIL (Arrondissement de Guéret)	1	308
Demande de subvention au titre de la DETR et de  la DSIL (Orne)	1	307
DDPP85 / IAHP / Acompte indemnisation	1	306
Demande de subvention au titre de la DETR et de  la DSIL (Indre)	1	305
Demande de subvention au titre de la DETR / DSIL / DSID 2024 (Haute-Loire)	1	305
Demande de subvention au titre de la DETR et de  la DSIL (Morbihan)	1	303
HELP « aide aux entreprises en difficultés » HERAULT 	1	303
94-Demande de permis de stationnement, sur places existantes, pour déménagement (ou livraison de matériels) V5	1	302
Demande de subvention au titre de la DETR et de la DSIL (Haut-Rhin)	1	300
Inscription en tant que financeur de Label bas-carbone	1	300
FATEA 2020 - Plan de soutien aux Entreprises Adaptées (campagne de septembre 2021)	1	296
FATEA 2020/2021 - Plan de soutien aux Entreprises Adaptées (campagne de Mai 2022)	1	296
Demande de subvention au titre de la DETR et de  la DSIL (Maine-et-Loire)	1	290
Relogement des victimes d'inondations dans le Pas-de-Calais - formulaire d'offre 	1	288
Appel à candidature Conférence des Financeurs de la Vendée	1	286
ONF Grand Est -  Demande d'installation de ruches en forêt domaniale	1	284
Demande de dérogation à la protection des espèces : RANACULTURE - campagne 2020	1	284
FATEA 2020/2021 - Plan de soutien aux Entreprises Adaptées (campagne de mars 2022)	1	284
Appel à contributions - Espace Générations Nature	1	283
FATEA - DOSSIER DE DEMANDE DE SUBVENTION 2021 - Poursuite de l’effort à l’investissement	1	281
Demande de subvention au titre de la DETR et de  la DSIL (Yvelines) 	1	280
Demande d'autorisation d'introduction et/ou de prélèvement dans le milieu naturel de grand gibier ou de lapins dans le département de la Marne.	1	280
Appel à projets 137 - Egalité entre les femmes et les hommes dans les Hauts-de-France 2024	1	278
Demande de subvention au titre de la DETR et de la DSIL 2024 (VOSGES)	1	278
HELP « aide aux entreprises en difficultés » 06	1	276
Appel à Projets Commun 2024 - DITES LE NOUS UNE SEULE FOIS	1	275
Accès à l'apprentissage (campagne 2024)	1	275
Dossier commun de demande de subvention 2024 DETR/DSIL/FNADT/contrat territorial/pacte pour les Gardois	1	274
FATEA 2020/2021 - Plan de soutien aux Entreprises Adaptées (campagne pour Juillet et Août 2022)	1	273
Inscription à une sortie dans une ferme pédagogique de Moselle. 2023/2024	1	273
Consultation sur le prix de l’électricité pour l’industrie en France	1	272
HELP « aide aux entreprises en difficultés » Franche-Comté	2	271
DDPP49 / IAHP / FOYERS / Acompte indemnisation	1	270
DDETSPP65 / Influenza aviaire / Demande de LPS 2021-22	1	269
FATEA 2020 - Plan de soutien aux Entreprises Adaptées (campagne de décembre 2021)	1	269
Mois sans tabac 2023 : saisie d'un projet pour les promoteurs de l'Assurance maladie	1	269
Demande de subvention au titre de la DETR et de la DSIL (Alpes-de-Haute-Provence)	1	267
FATEA 2020 - Plan de soutien aux Entreprises Adaptées (campagne d'octobre 2021)	1	266
Demande de paiement d'une subvention d'Etat 2023	1	266
Demande d'agrément pour organiser des sessions d'examen conduisant au titre professionnel du ministère du travail (ou certificat complémentaire de spécialisation)	2	266
Début activité libérale Masseur Kinésithérapeute (hors remplacement)	1	265
Appel à Projet 2022 Promotion d’actions en faveur de l'Egalité Economique entre les Femmes et les Hommes	1	263
HELP « aide aux entreprises en difficultés » Charente-Maritime	1	263
Demande de subvention au titre de la DETR et de  la DSIL (Pyrénées-Orientales)	1	263
CulturePro - Soutien à la professionnalisation des étudiants et des jeunes diplômés de l'ESC	1	262
Demande de subvention au titre de la DETR et de  la DSIL (Lozère)	1	261
Demande de subvention au titre de la DETR et de la DSIL (Arrondissement d'Aubusson)	1	259
Demande de subvention au titre de la DETR et de la DSIL (Lot-et-Garonne)	1	258
DDETSPP40 / IAHP / Demande de LPS 2022 2023	1	255
Demande de subvention au titre de la DETR et de la DSIL (Savoie)	1	254
Demande de visa exceptionnel pour la diffusion d'un spectacle vivant ou d'une manifestation culturelle 	1	252
Demande de subvention au titre de la DETR et de la DSIL (Cher)	1	250
CA/F101/F102 - Contrat d’Adhésion et déclaration de représentant légal d’une structure ne prenant pas en charge des patients / usagers	1	246
FONDS VERT - Territoires d'Industrie en transition écologique	1	246
FATEA 2020 - Plan de soutien aux Entreprises Adaptées (campagne de juin 2021)	1	246
Appel à projets - Atlas de la biodiversité communale (ABC) 2021	1	245
Subvention nationale 2023 - DGCS	1	245
Demande de modification d'autorisation d'exercer ou d'inscription au registre de transporteur public routier de marchandises, de déménagement et/ou de loueur de véhicules industriels avec conducteur, transporteur public routier de personnes, commissionnaire de transport. 	1	244
Appel à projets « Phosphor’âge 2025/2026 » 	1	244
Version 2_Dépôt et instruction des offres de formation civique et citoyenne  (FCC) du Service civique- VOLET A - INFORMATIONS RELATIVES A L'ORGANISME DE FORMATION ET AU CALENDRIER DES FORMATIONS	1	243
Demande d'autorisation d'introduction et/ou de prélèvement dans le milieu naturel de grand gibier ou de lapins dans le département du Gard.	1	240
DDETSPP40 / IAHP / Décontamination Foyers 2021-22	1	240
Mois sans tabac : saisie d'un projet pour les promoteurs de l'Assurance maladie	1	240
Formulaire de déclaration annuelle des volumes d'eau prélevés 	2	239
Demande de subvention DETR ou DSIL classique pour 2021	1	237
Dossier de subvention Aire Educative	1	237
Aide au pluralisme de la presse périodique régionale et locale (PPR)	1	236
 Journée nationale de la résilience-Appel à projets 2024	1	235
FATEA 2020/2021 - Plan de soutien aux Entreprises Adaptées (campagne de janvier 2022)	1	235
Formulaire conventionnement Taxis, Val d'Oise	3	235
Demande de subvention au titre de la DETR et de la DSIL (Charente)	1	234
Demande d’aide Ingénierie de parcours et de projets	1	233
Aide au pluralisme de la presse périodique régionale et locale (PPR) (2024)	1	232
Appel à projets 137 - Egalité entre les femmes et les hommes dans les Hauts-de-France 2023	1	231
Dépôt et instruction des offres de formation civique et citoyenne (FCC) du Service civique 	1	230
Demande 2024 de paiement d'une subvention d'Etat	1	230
Déclaration d'intention de vidange d'un plan d'eau	1	229
Fonds d'urgence viticulture 2023	2	226
AAC  2023 : Programmes antichute en EHPAD basés sur l’activité physique adaptée (APA)	1	225
Demande de subvention au titre de la DETR et de  la DSIL (Lot)	1	224
FATEA 2020/2021 - Plan de soutien aux Entreprises Adaptées (campagne d'Avril 2022)	1	224
Appel à Manifestation d'Intérêt : Fabriques de territoire 7	1	223
Fonds de soutien aux médias d'information sociale de proximité - 2024	1	222
Demande de subvention au titre de la DETR et de la DSIL 2024 - ESSONNE	1	222
Demande de subvention au titre de la DETR et de  la DSIL (Tarn-et-Garonne)	1	221
Formulaire de demande DETR & DSIL 2020-2021 VAR83	1	221
demande de subvention au titre de la DETR & DSIL 2022 VAR-83	1	221
Nouvelle-Aquitaine Taxe d'apprentissage - demande de mise à jour ou d'inscription sur les listes régionales	4	221
Déclaration pour l'exercice de l'activité de transport par route de déchets _ département 51 uniquement	1	220
Inscription et renouvellement d'inscription d'une publication de presse	1	219
Demande de subvention de DETR, DSIL, FNADT ou DSID 2023 - Ariège	1	219
Formulaire de déclaration annuelle des volumes d'eau prélevés 2023	1	218
ARS PDL - ADELI - ENREGISTREMENT DES ASSISTANTS DE SERVICE SOCIAL 	1	217
Plan "Meilleure réussite scolaire" Projets de collèges	5	217
Fonds de soutien aux médias d'information sociale de proximité	1	214
Demande de subvention au titre de la DETR et de la DSIL (Vendée)	1	214
Demande d'autorisation de manifestation sportive, fête nautique ou autres concentrations de bateaux susceptibles d'entraver la navigation fluviale sur le domaine public fluvial (DPF) de Loire-Atlantique	1	214
Demande d'agrément CII (Crédit d'Impôt Innovation) 2024-2028 par une entreprise NON titulaire d'un agrément CIR en cours de validité	1	212
Aide d’urgence suite au gel 2021 dans le Rhône	1	212
Dispositif d'arrachage sanitaire des vignes en Gironde - 2ème campagne	1	211
Concours Album des jeunes architectes et paysagistes (AJAP)	1	211
Professionnels de l'automobile : demande d'habilitation et/ou d'agrément au SIV	2	211
Demande de versement projets prépa apprentissage	1	210
FONDS VERT - Appui aux collectivités de montagne soumises à des risques émergents	1	209
HELP « aide aux entreprises en difficultés » Pas-de-Calais	1	208
Demande de subvention au titre de la DETR et de  la DSIL (Loire)	1	208
Fichier employeur : Réclamation sur un dossier d'indemnités journalières	1	207
Fonds d'urgence viticulture 2023 - Lot	1	206
Demande d'habilitation au SIV	2	206
Recensement des pertes agricoles suite à un aléa climatique - version 20240319	1	205
Demande de subvention au titre de la DETR et de la DSIL (Corse-du-Sud)	1	204
Fonds d'urgence - Episode de grêle mai 2022 - Mayenne	1	204
Appel à projets - Pacte Métropolitain des Solidarités -  2024	1	204
Demande d'aide de trésorerie exceptionnelle au fond d'urgence pour l'agriculture biologique	1	204
Finances : état récapitulatif détaillé des paiements effectués v4	1	204
HELP « aide aux entreprises en difficultés » Martinique	2	204
Demande d'autorisation d'occupation temporaire du Domaine public maritime du Pas-de-Calais	1	200
Demande de subvention au titre de la DETR et de la DSIL 2024 (Vaucluse)	1	199
FATEA 2020 - Plan de soutien aux Entreprises Adaptées (campagne de novembre 2021)	1	199
Prévention et lutte contre la pauvreté - Pays de la Loire - Demande de subvention 2023	1	199
Sécheresse sur prairies - ISN 2023	2	198
Demande de subvention au titre de la DETR et de  la DSIL (Mayenne)	1	197
FATEA 2020/2021 - Plan de soutien aux Entreprises Adaptées (campagne de février 2022)	1	197
HELP « aide aux entreprises en difficultés » GARD	2	197
Déclaration de mise en oeuvre du protocole d’évaluation de la connexion du plan d’eau à la nappe d’accompagnement du cours d’eau	1	196
Appel à projets DETR DSIL 2024 VAR-83	1	196
Appel à projets conjoint DETR et DSIL - Exercice 2023	1	195
Demande de subvention au titre de la DETR et de  la DSIL (Val-d'Oise)	1	195
Durabilité des bioénergies : déclaration 2024, production d'électricité et/ou chaleur/froid	1	194
Positionnement réglementaire	1	194
Programme de numérisation et de valorisation des contenus culturels (PNV)	1	194
Demande de subvention au titre de la DETR et de la DSIL (Haute-Savoie)	1	194
Fond d'urgence pour accompagner les exploitations en agriculture biologique en difficulté	1	194
FONDS VERT - Développement des mobilités durables en zones rurales	1	193
DEMANDES DE SUBVENTIONS BOP 177 - BOP 304  - ANNEE 2022	1	189
Demande de paiement d'une subvention d'Etat 2022	1	189
Demande initiale ou de renouvellement d'agrément  d'un Etablissement d’Enseignement de la Conduite Automobile et de la Sécurité Routière en Seine Maritime	1	188
Demande de subvention au titre de la DETR et de la DSIL (Haute-Corse)	1	188
Campagne CIMA 2024	1	188
Appel à projets conjoint DETR et DSIL - Exercice 2022	1	188
Appel à Projets - Entreprendre au Cœur des Territoires	1	188
"Démarches simplifiées" relatif à l'exécution des décisions de justice  uniquement ceux des étrangers et article 65 pour le contentieux général hors expulsion locative gérée par la Mission ville, urbanisme par la DRIEAT et DALO par la DRHIL	1	187
Demande de subvention au titre de la DETR et de  la DSIL (Hautes-Alpes)	1	186
DEMANDE DE DÉROGATION AUX MESURES DE RESTRICTION DE PRÉLÈVEMENT D’EAU POUR DES USAGES AGRICOLES EN SARTHE	1	186
Démarches relatives à l'agrément d'un établissement d'enseignement de la conduite des véhicules à moteur et de la sécurité routière - Préfecture de police	1	186
DDPP85 /abattage préventif / Acompte indemnisation	1	186
Appel à projets 2024 - Programme Mieux Manger Pour Tous - Volet local	6	185
Demande de subvention au titre de la DETR et de  la DSIL (Alpes-Maritimes)	1	184
DRDJSCS GRAND EST - AMI FONJEP JEP-163 et CS- 163 2021-2023	1	184
F502 - Désignation de mandataire(s) ou suppression de mandat(s)	1	183
92-Demande de permis de stationnement, sur places existantes, pour déménagement (ou livraison de matériels) V5	1	183
Conseiller numérique Coordinateur	1	183
Allocation d'installation d'atelier et achat de matériel	1	182
Commande de kit CNFS - dernière vague	1	181
FATEA 2020/2021 - Plan de soutien aux Entreprises Adaptées (campagne de Juin 2022)	1	181
HELP « aide aux entreprises en difficultés » CALVADOS	1	181
Village de Noel 2023	1	178
Label 100% EAC	2	177
PREFECTURE DE L'AVEYRON - Arrondissement de RODEZ - Aide financière de l'Etat à l'investissement des collectivités - Demande de Dotation d'équipement des territoires ruraux (DETR) - Exercice 2023	1	176
Préfecture de Police de Paris/DUPA/BPAS : Domiciliation d'entreprise	1	175
CD92 - EAJE : demande d'Avis Technique d'Opportunité (ATO)	1	174
Déclaration d'existence d'un plan d'eau en Ille-et-Vilaine	1	172
Ministère du Travail de l'insertion et de l'emploi - "Solidarité inclusive associations intermédiaires"	1	172
Appel à projets Innovations organisationnelles associées à une solution technologique ou numérique	2	171
Appel à projets Eté culturel  2022 - DRAC Bretagne	1	170
DDPP49 / demande LPS pour un mouvement de viandes et produits issus d'animaux provenant de ZONE DE PROTECTION vis-à-vis de l'Influenza aviaire	1	169
Candidater au 140e cycle Jeunes de l'IHEDN	1	169
Dispositif d’urgence – Soutien aux exploitations BIO en difficulté	4	169
Ardèche - Aide d’urgence de soutien suite à la crise Covid et au gel 2021	1	168
LBC Plantation de vergers - projet individuel	1	168
Appel à projets conférence des financeurs de la Manche 2023 - Seniors à domicile et proches aidants	1	168
Demande de dérogation à la protection des espèces : RANACULTURE - campagne 2024	1	168
[PIC-EA] Attestation de Service Fait – Ingénierie	1	168
Accès à l'apprentissage des jeunes de moins de 15 ans	1	167
HELP « aide aux entreprises en difficultés » Pyrénées Atlantiques 	1	167
FATEA 2020 - Plan de soutien aux Entreprises Adaptées	1	166
Engagement Sapeur-Pompier Volontaire SDIS17 SPV AUTRE SDIS ou reprise - 5 ans	1	165
ARS_IDF_SRTS - DEMANDE D'EQUIPEMENT DE DISPOSITIFS SPECIAUX DE SIGNALISATION (catégorie B.)	1	165
HELP « aide aux entreprises en difficulté » Gironde - V1	1	165
Eté culturel 2024 - DRAC Grand Est (Inscription Jeunes ESTivants)	1	164
Aide à l'exemplaire pour les titres de presse portés (2024)	1	164
FranceRelance  : Fonds "Transformation numérique des collectivités territoriales" > Guichet > Utiliser les API nationales	1	164
Questionnaire préalable au dépôt éventuel d'une DAPE	3	164
APPEL A PROJETS 2024 RELATIF A L'INTEGRATION DES ETRANGERS PRIMO-ARRIVANTS DONT LES BENEFICIAIRES DE LA PROTECTION INTERNATIONALE - DREETS Occitanie	1	163
HELP « aide aux entreprises en difficultés » 13 - V1	1	162
HELP « aide aux entreprises en difficultés » Bas-Rhin v210702	1	162
ANSM - Dossier de déclaration de modification administrative d'un établissement pharmaceutique (article R. 5124-10-1 1° à 5° du code de la santé publique)	1	162
Appel à projets 137 - Egalité entre les femmes et les hommes dans les Hauts-de-France	1	162
Appel à projets conférence des financeurs de la Manche 2024 - Seniors à domicile et proches aidants	1	161
HELP « aide aux entreprises en difficulté » Bourgogne-V1	1	160
Fonds d'aide aux échanges artistiques et culturels pour les outre-mer (FEAC 2023)	1	158
Candidature AMI "France Travel Tech" : promotion 2023-2024	1	158
Inscription sur la liste des défenseurs syndicaux de Bourgogne-Franche-Comté (mandat 2024/2028)	1	157
Déclaration de durabilité RED II : électricité et chaleur / biomasse solide	1	156
Fonds d'urgence - Episode de gel avril 2021 - Tarn	1	156
2024-Destruction à tir de la Corneille dans la Haute-Garonne	1	156
Demande de subvention au titre de la DETR et de  la DSIL (Seine-Saint-Denis) 	1	155
Demande de subvention au titre de la DETR ou de la DSIL 2024 (Deux-Sèvres)	1	155
Demande de dérogation à un arrêté régional sur les Matériels Forestiers de Reproduction (MFR)	1	154
Aide à l'exemplaire pour les titres de presse portés	1	154
ANSM - Déclaration d'ouverture effective d'un établissement pharmaceutique	1	153
Appel à projets Atlas de la biodiversité communale ABC 2020	1	153
Demande des mesures de soutien aux agriculteurs sinistrés par les épisodes de gel en 2021 dans l'Yonne	2	153
VRL Occitanie - Programmation 2024	1	152
HELP « aide aux entreprises en difficulté » IdF département 77	2	152
Compte-rendu financier de subvention FEAC	1	149
Projet innovant France 2030	1	148
Demande de subvention de DETR ou DSIL 2022 - PREF43	1	148
Demande de subvention au titre de la DETR et de la DSIL (Territoire de Belfort)	1	147
Appel à projets Animation territoriale des JOP 2024 - DRAJES Grand Est	1	147
Dossier de demande d'aide financière 2022 - FONCTIONNEMENT	1	146
demande préalable de travaux sur des affleurements rocheux - POUR AGRICULTEURS	1	145
Appel à projets - Atlas de la biodiversité communale (ABC) 2023	1	145
SECELEC	1	145
Compte-rendu financier de subvention - DRDFE Bretagne	1	144
Demande de subvention au titre de la DETR et de la DSIL (Bouches-du-Rhône)	1	144
HELP « aide aux entreprises en difficultés » Marne	2	144
HELP « aide aux travailleurs indépendants en difficultés » HAUTE-GARONNE - v1	1	143
Appel à Projets Régional 2023 : Volet 1 : Alliances locales des solidarités	1	143
HELP « aide aux entreprises en difficultés » EURE	1	142
Appel à projets 2024-2025 pour le déploiement des cordées de la réussite en Ile-de-France	1	142
Candidature à l'appel à manifestation d'intérêt cybersécurité - Financement des exercices de continuité d'activité pour les établissements de santé en Occitanie	1	142
Demande d'agrément pour organiser des sessions d'examen conduisant au titre professionnel du ministère du Travail	1	141
Appel à projets - Atlas de la biodiversité communale (ABC) - 2ème session France Relance	1	140
Appel à projets 2023-2024 pour le déploiement des cordées de la réussite en Ile-de-France	1	140
Demande de subvention au titre de la DSIL 2024	1	139
Savoirs et Cultures	1	139
CD93 | Appel à projet Seine-Saint-Denis-Compétences (Ex IFE) 2023 : Dossier action - Volet I et volet II	1	139
Demande de subvention pour les organismes autres qu'association  - DREAL PACA - SBEP	1	139
Appel à projets - Atlas de la biodiversité communale (ABC) 2022	1	139
[CEPS] Panorama des dispositifs médicaux et produits LPPR	1	139
Demande de subvention de DETR ou DSIL ou FNADT ou DSID 2020 - Ariège	1	138
FIPD 2022 - Prévention de la délinquance et prévention de la radicalisation - Préfecture de l'Essonne	1	138
AMI France 2030 - Pôles territoriaux d’industries culturelles et créatives favorisant la structuration d’écosystèmes locaux	1	138
FranceRelance : Fonds "Tranformation numérique des collectivités territoriales" > Appel à projets > Dématérialiser ou améliorer l'expérience d'une démarche administrative en ligne	2	138
Label Entreprise du Patrimoine Vivant - Candidature initiale	1	137
ANSM - Déclaration de fermeture définitive d’un établissement pharmaceutique (article R. 5124-12 du code de la santé publique)	1	136
HELP « aide aux entreprises en difficultés » Landes	1	136
Recherche scientifique marine (RSM), études préalables à la pose de câble sous-marin et essais en mer : Préfecture maritime de l'Atlantique	1	135
Appel à projets 2022-2023 " Cordées de la réussite" - Ile-de-France	1	135
Demande d'autorisation de voirie ou de commencement de travaux	1	134
Fonds d'urgence - Agriculture  biologique - Tarn	1	134
Télédéclaration d'alertes en matière de santé publique et d'environnement	1	133
Dossier de demande d'aide financière 2021 - INVESTISSEMENT / EQUIPEMENT	3	133
Dérogation au seuil d'obligation de traitement des lisiers en Bretagne	2	133
Recensement ETP 2022 et besoins supplémentaires	2	133
Appel à programmes « fonds mobilités actives – territoires cyclables »	1	132
Dossier de demande d'aide financière 2022 - INVESTISSEMENT / EQUIPEMENT	1	131
Accompagnement coordonné des travailleurs indépendants en Maine-et-Loire	1	131
APPEL A PROJETS 2023 RELATIF A L'INTEGRATION DES ETRANGERS PRIMO-ARRIVANTS DONT LES BENEFICIAIRES DE LA PROTECTION INTERNATIONALE - DREETS Occitanie	1	131
Bilans Appel à projets Conférence des financeurs 2023	1	130
Demande de subvention au titre de la DETR et de la DSIL 2024 PREFECTURE MARTINIQUE	1	130
Fonds d'aide aux échanges artistiques et culturels pour les outre-mer (FEAC 2023) - Seconde commission	1	129
HELP « aide aux entreprises en difficulté » IdF département 75 - dossiers avant le 19/10/2022	1	129
VRL Occitanie - Programmation 2023	1	129
Fonds d'aide aux échanges artistiques et culturels pour les outre-mer (FEAC 2024) - Seconde commission	1	128
AAP 2024 - Appel à projets associatifs pour la mise en œuvre d'actions en faveur de la lutte contre l'exploitation sexuelle des mineurs 	1	128
Demande d'enregistrement pour l'autorisation à délivrer la formation "Hygiène alimentaire en établissement de restauration commerciale" en région Ile-de-France [1er au 31 mai 2024]	1	127
Ministère du Travail du Plein emploi et de l'Insertion - Dérogation aux 480 heures en association intermédiaire - 2022	1	127
HELP « aide aux entreprises en difficultés » Dordogne	1	125
AAP 2022 du Plan Enfants, Adolescents, Jeunes (EAJ)	1	124
HELP « aide aux entreprises en difficultés » Hérault - V1	1	124
HELP « aide aux entreprises en difficultés » Moselle	1	124
CD93 | Appel à projet Seine-Saint-Denis-Compétences 2024-25 : Dépot du projet	1	124
MIF Expo - Concours Village de l'Artisanat Ile-de-France	1	123
APPEL A PROJET (AAP) EN FAVEUR DE LA  MISE EN ŒUVRE « D’ATELIERS PARCOURS D’INSERTION - API » POUR LES BENEFICIAIRES DU RSA EN VUE DE RENFORCER L’ACCOMPAGNEMENT VERS L’EMPLOI SUR LE TERRITOIRE DU DEPARTEMENT DE LA GUADELOUPE	1	122
DEMANDE DE REMBOURSEMENT OU DE REMISE DE DROITS                                                                          (SAINT DENIS Aéroport)	1	121
ANSM - Declaration/Autorisation d'utilisation confinée ou de dissémination volontaire des médicaments contenant ou composés d'organismes génétiquement modifiés	1	121
HELP « aide aux entreprises en difficultés » MANCHE	1	121
DETR DSIL 2023 - Arrondissement de Blois	1	121
Contrôle pédagogique des CFA 2023-2024	1	120
DRAJES GRAND EST - AMI FONJEP "JEUNES" 2022-2024	1	120
Demande de capture avec relâcher immédiat de spécimens d'espèces animales protégées en Normandie	1	120
Déclaration des accords de distribution des exploitants de produits pris en charge par l'assurance maladie	1	120
Demande de subvention au titre de la DETR et de la DSIL 2024 (GUADELOUPE)	1	120
HELP « aide aux entreprises en difficultés » PYRENEES ORIENTALES	2	120
Accompagnement coordonné des travailleurs indépendants en Vendée	1	119
Demande d'avenant à l'agrément de service civique des organismes d'accueil en Ille-et-Vilaine	1	119
Dotation de soutien à l'investissement local (DSIL) - exercice 2021 - Département du Morbihan	1	119
Engagement Sapeur-Pompier Volontaire SDIS17 JSP 	1	119
Dépôt de candidature - Appel à Projets 2021 : 1 000 premiers jours en Occitanie : initiatives en faveur de la santé du jeune enfant et de l'accompagnement des parents	1	119
DDETSPP79 / Influenza aviaire / Demande d'Acompte indemnisation	1	118
HELP « aide aux entreprises en difficultés » Meurthe et Moselle	1	118
Bilan de l'action financée par la conférence des financeurs de la prévention de la perte d'autonomie (septembre 2021 - juin 2022)	2	118
Manche - Tempête Ciaran - Aide à la Trésorerie	1	117
Pré-inscription pour Le Boulevard des Artisans, édition 2023	1	117
Demande de subvention au titre de la DETR et de  la DSIL (Mayotte) 	1	117
Mois sans tabac : saisie d'un projet	1	117
DETR 2022 - Arrondissement de Blois	1	116
Dossier de demande de subvention - Programmation 2023 du Contrat de Ville CAPH	1	116
HELP « aide aux entreprises en difficultés » Seine Maritime	1	116
Demande de dérogation à la protection des espèces : RANACULTURE - campagne 2022	1	116
Mises à jour administrative des dossiers des taxis conventionnés des Yvelines	1	115
Demande de renouvellement 2022/23 projets prépa apprentissage	1	115
DETR 2022 - Arrondissement de Romorantin-Lanthenay	1	115
Dossier de demande d'aide financière 2020 - FONCTIONNEMENT	2	115
HELP « aide aux entreprises en difficultés » Haute-vienne-V1	1	114
Dispositif d'indemnisation exceptionnel forfaitaire à l'hectare pour les productions locales de fruits et légumes (hors banane dessert destinée à l'export ou au marché local dans les Antilles) dans les départements et régions d'Outre-mer et à Saint-Martin touchées par la hausse de leurs charges en intrants en 2023, engendrée par les conséquences de l'agression de la Russie contre l'Ukraine.	1	114
Fonds d'appui aux entreprises impactées par la tempête Alex	1	114
HELP « aide aux entreprises en difficultés » 83 - V1	1	114
Demande de dérogation à la protection des espèces : RANACULTURE - campagne 2023	1	114
Formulaire de soumission d'une candidature - Site des Locations	1	114
HELP « aide aux entreprises en difficultés » Loire-Atlantique - V1	1	113
APPEL A CANDIDATURES 2024 - Développer des actions de prévention portées par les EHPAD et les SSIAD 	1	113
HABILITATION CCF campagne 2023 / Région académique Provence-Alpes-Côte d'Azur	1	113
Prolongation de Déclaration des investissements publics de recherche et développement	1	112
Appel à Manifestation d'Intérêt 2024 - Conférence des Financeurs du Puy-de-Dôme -  Actions collectives de prévention de la perte d'autonomie des personnes âgées de 60 ans et plus vivant à domicile	1	111
AAC  2024 : Programmes antichute en EHPAD basés sur l'activité physique adaptée	1	111
94-Demande de permis de stationnement, sur places existantes, pour déménagement (ou livraison de matériels) v3	1	111
HELP « aide aux entreprises en difficultés » Oise	1	111
Appel à projets national Ecophyto – 2021 - 2022	1	111
Circonstances exceptionnelles sur lavandes et lavandins	1	111
HELP « aide aux entreprises en difficultés » Vienne	1	111
Dossier de demande d'aide financière 2021 - FONCTIONNEMENT	3	111
Renouvellement d'Agrément JEP (Jeunesse Education Populaire) - Rhône (69)	1	110
Déclaration de manifestation nautique - La Réunion	1	109
FIPD 2024 - Programme "D" (délinquance) - Préfecture de l'Hérault	1	107
[STAGING - CB v4] Dépôt de coordonnées bancaires de remboursement des offres pass Culture d'un lieu - TEST  	1	107
Appel à projets local DILCRAH 2023-2024 pour Paris	1	107
DEMANDE DE REMBOURSEMENT OU DE REMISE DE DROITS                                                                          (Le Port)	1	106
Appel à projets 2023 Egalité femmes-hommes - Outre-mer	1	106
Registre des autorisations de stationnement de taxi	1	105
Déclaration d'utilisation d'un taxi relais (département des Bouches-du-Rhône)	1	105
DDPP49 / IAHP / DEPEUPLEMENTS / Acompte indemnisation	1	105
HELP « aide aux entreprises en difficulté » 17-V1	1	104
Mission de sensibilisation à l'écriture scénaristique dès le plus jeune âge - Mise en place d’ateliers d’écriture scénaristique et accompagnement du défi « Écris ta série! » 2023-2024	1	104
Conférence des financeurs : Appel à candidatures 2023 : Axes 3 et 5 (1ère demande)	1	104
HELP « aide aux entreprises en difficulté » IdF département 78	2	104
CD93 | Appel à demandes de subvention IAE 2024	1	103
ADELI - Inscription des Assistants de service social - ARS Centre Val de Loire	1	103
CD93 | Appel à demandes de subvention IAE 2023	1	103
Dossier de demande de subvention - Programmation 2022 du Contrat de Ville CAPH	1	102
Villages de Noël - 2024	1	102
Mois sans tabac 2023 : saisie d'un projet	1	102
Préfecture de l'Hérault - FIPD 2023 - Programme "D" (délinquance) 	1	102
DDETSPP32 / Influenza aviaire / Demande de LPS 2022-2023	1	102
Demande d'attestation de conformité RPC d'une campagne d'incitation financière 	1	102
HELP « aide aux travailleurs indépendants en difficultés » TARN	1	102
DETR 2022 - Arrondissement de Vendôme	1	102
Appel à projets Culture & Santé 2023 - DRAC/ARS Centre-Val de Loire	1	102
AAP 2022 du Plan Femmes enceintes parents petite enfance (FEPPE)	1	101
Appel à projets Culture & Santé 2023 - DRAC/ARS Ile-de-France	1	101
DDPP22 - Demande de laissez-passer - Mouvement ANIMAUX provenant d'un élevage de volailles déclaré infecté par SALMONELLA	1	101
Demande simplifiée de Titre de Maitre Artisan	1	100
Appel à projets local DILCRAH 2022-2023 pour Paris	1	100
Label Entreprise du Patrimoine Vivant - Renouvellement	1	100
ANSM - Annonce de fermeture d’un établissement pharmaceutique (article R. 5124-12 du code de la santé publique)	1	100
ARS Île-de-France - Financement de programmes ETP en ville  - 2024	1	99
CPAM 78 : Appel à projets actions sanitaires et sociales 2024	1	98
Candidater au 143e cycle Jeunes de l'IHEDN - Belfort	1	98
ARS Île-de-France - Financement de programmes ETP en ville  - 2021	1	98
Appel à projets 2024 - AAP pour soutenir des actions associatives visant à lutter contre les violences faites aux enfants	1	98
FDI - AAP 2021 - Demande de subvention - Projets groupés / de groupe - Présentation du projet local ou du siège social	1	98
Appel à Projets PRIC Provence-Alpes-Côte d'Azur 2021 2022	1	98
Fonds d'urgence bio dans le département de la Haute-Loire	1	98
DEMANDE DE SUBVENTION D'INVESTISSEMENT 2023	1	98
HELP « aide aux entreprises en difficultés » Charente	1	97
 ADELI 971- psychologues	1	97
HELP « aide aux entreprises en difficultés » Haut-Rhin v210702	1	97
DRAJES GRAND EST - AMI FONJEP "JEUNES" 2021-2023	2	97
HELP « aide aux entreprises en difficultés » 06 - V1	1	96
Fonds d'urgence bio dans le département de la Loire	1	96
Appel à projets Grande Cause Nationale 2024 - DRAJES Grand Est	1	96
HELP « aide aux travailleurs indépendants en difficultés » LOT	1	96
DEMANDE DE SUBVENTION D'INVESTISSEMENT 2024	1	95
AMI Régional IAE 2021 IDF Nouveau Projet	1	95
Demande d'accès au système d'information Syplo	1	95
Culture et Santé en Île-de-France	1	95
Appel à projet 2024 : Inclusion et médiation numérique pour toutes et tous en Centre-Val de Loire	1	95
DSIL exceptionnelle et rénovation énergétique 2021 - préf41	1	94
ARS Île-de-France - Financement de programmes ETP en ville  - 2022	1	94
Appel à manifestation d'intérêt Avenir Montagnes Mobilités - Dépôt des dossiers	1	94
Fonds d'urgence bio (Drôme)	1	94
HELP « aide aux entreprises en difficultés » Deux-Sèvres	1	94
Déclaration d'un formateur FIMO/FCO/Passerelle	2	94
DDTM76  - Fonds Barnier - PARTICULIERS / ENTREPRISES / ASSOCIATIONS	1	93
CPAM 781 - TAXIS conventionnés - Obligations conventionnelles - 2022	1	93
AAP 2022 du Programme Régional d'Accès à la prévention et aux soins (PRAPS) 	1	93
CPAM 781 - TAXIS conventionnés - Obligations conventionnelles - 2023	1	93
Préfecture de l'Hérault - FIPD 2022 - Programme "D" (délinquance) 	1	92
Demande de subvention 2024 au titre du BOP 177 - DDETS 35 (hors ALT)	1	91
HELP « aide aux entreprises en difficultés » Pas de Calais	1	91
HELP « aide aux entreprises en difficulté » IdF département 94	1	91
HELP « aide aux entreprises en difficultés » Calvados	1	91
Enquête capacités d'hébergement du DNA au 31/08/2022	1	91
HELP « aide aux entreprises en difficulté » IdF département 92	1	90
CPAM 78_Formulaire début d'activité libérale dans le cadre du dispositif PCO	1	90
ARSIF - Contrat d’Allocation d’Etudes (CAE) - Campagne 2021 : Appel à propositions 	1	90
APPEL A PROJETS JEUNES CITOYENS 2024	1	90
PREF66 - Recensement contraventions police municipale (APMC 2023 - Cnes -10 000 habitants)	1	89
Drôme - Signalement de pertes de récoltes suite à un aléa pour des cultures non couvertes par un contrat multirisques agricoles pour la campagne en cours.	1	89
Volet 1 - Appel à projets national Ecophyto – 2020 - 2021	1	89
Appel à Manifestation d'Intérêt 2022 - Conférence des Financeurs du Puy-de-Dôme -  Actions collectives de prévention de la perte d'autonomie des personnes âgées de 60 ans et plus vivant à domicile	1	89
Appel à projets 2022 du Parc national de forêts	1	89
HELP « aide aux entreprises en difficulté » IdF département 91	2	89
CD93 | Appel à demandes de subvention IAE	1	88
Culture & Santé 2024 - DRAC/ARS Ile-de-France	1	88
Candidature au Forum des Achats publics Innovants et Responsables (FAIR 2024)	1	88
PACTE HAIES 2024 Nouvelle-Aquitaine: Aides aux investissements en faveur des haies et des alignements d'arbres intra-parcellaires 	1	88
Fonds d'urgence pour accompagner les exploitations en agriculture biologique en difficulté_ DDT 70 	1	88
HELP « aide aux entreprises en difficultés » Ille et Vilaine - V1	1	88
Demande de subvention - Direction Régionale aux Droits des Femmes et à l'Egalité Normandie au titre de l'année 2024	1	88
Compte-rendu financier de subvention Culture & Justice	1	88
Déclaration des investissements publics de recherche et développement au titre de 2022	1	87
AMI Alliances locales 2023 - Centre Val-de-Loire	1	87
CARTOGRAPHIE DES COURS D'EAU Demande d'expertise d'un écoulement en Ille-et-Vilaine	1	87
DETR DSIL 2023 - Arrondissement de Vendôme	1	87
HELP « aide aux entreprises en difficulté » IdF département 93	1	86
Aide à l'accueil d'un service civique Jeunes et Nature	1	86
HELP « aide aux entreprises en difficultés » Bas-Rhin v240102	1	86
ARS_IDF_SRTS - ACTUALISATION D'AGREMENT D'UNE SOCIETE DE TRANSPORTS SANITAIRES	1	86
HELP « aide aux entreprises en difficultés » AUDE	2	86
Fonds d'urgence bio	2	86
Demande de subvention au titre de la DETR et de la DSIL 2024 - GUYANE	1	85
ANSM - Dossier de demande d’ouverture d’un établissement pharmaceutique distributeur	1	85
Professionnels de l'Automobile - dépôt des dossiers demandés	1	85
APPEL A PROJETS JEUNES CITOYENS 2022	1	85
APPEL A PROJETS JEUNES CITOYENS 2023	1	85
DEMANDE D'AIDE DE TRESORERIE EXCEPTIONNELLE	1	85
Déclaration d’activité des centrales de réservation	1	84
HELP « aide aux entreprises en difficultés » Gard - V1	1	84
HELP « aide aux entreprises en difficultés » Somme	1	84
Appel à projets 2024 "Intégration et accès à la nationalité française" BOP 104 - AXE 1 : Etrangers primo-arrivants dont les bénéficiaires de la protection internationale (BPI)	1	84
Bilan de l'action financée par la conférence des financeurs de la prévention de la perte d'autonomie (septembre 2022 - aout 2023)	1	84
Demande de subvention 2021-2023 - Déployer le programme « CitésLab »	3	84
Ministère du Travail de l'Emploi et de l'Insertion - Dérogation aux 480 heures en association intermédiaire	1	83
Auvergne-Rhône-Alpes Appel à Projets Plan d'Investissement dans les Compétences (PIC) Axe 3 Accompagner les projets innovants	1	83
Demande d'aide - fonds d'urgence - grêles - agriculture - Haute-Saône	1	83
FDI 2022 - Nouvelle Aquitaine - Demande de subvention	1	83
Fonds d'urgence viticulture 2024 - Département des Landes	1	82
Retournement des prairies permanentes en Région Hauts-de-France [Pas-de-Calais]	1	82
AAP 2022 du Plan Population générale (Pop-G)	1	82
public bug bounty 1	1	82
HELP « aide aux entreprises en difficultés » Eure	1	82
Bilan annuel de l'action "Soutien aux proches aidants"	3	82
Appel à projets Mise en place du contrat d'engagement jeune - volet Jeunes en rupture	7	82
Candidature au Forum des Achats publics Innovants et Responsables (FAIR 2023)	1	81
Demande de subvention d'investissement 2021 - Caf de la Haute-Vienne	1	81
Accompagnement coordonné des travailleurs indépendants en Sarthe	1	81
FIPDR 2023 - Prévention de la délinquance et de la radicalisation. 	1	81
Fonds d’urgence en vue de soutenir les exploitations agricoles les plus fragiles touchées par les épisodes de gel 2022	1	81
APPEL A PROJETS SOUTIEN A L'ECONOMIE SOCIALE ET SOLIDAIRE EN GUYANE	4	81
DREETS ARA - Habilitation régionale au titre de l'aide alimentaire	4	81
DDPP22 - Demande de laissez-passer - Mouvement EFFLUENTS provenant d'un élevage de volailles déclaré infecté par SALMONELLA	1	80
Recensement ETP 2024 et besoins supplémentaires	1	80
Commande kit supplémentaires CNFS	1	80
Appel à projets Ile-de-France Mise en place du contrat d'engagement jeune - volet Jeunes en rupture	2	80
FIPD 2024 - Prévention de la délinquance. 	1	79
Dispositif d’urgence – Soutien aux exploitations de maraîchage suite à la tempête Ciaran , inondation et intempéries débutées en nov 2023	1	79
DDT73 Collectivités - Demande de subvention du Fonds de Prévention des Risques Naturels Majeurs (FPRNM) ou Fonds Barnier - version 2022.01	1	79
DETR DSIL 2023 - Arrondissement de Romorantin-Lanthenay	1	79
PREFECTURE DE L'ESSONNE : Habilitation funéraire	1	79
DDETSPP 40 / Elevage avicole / Démarches administratives	1	79
HELP « aide aux entreprises en difficultés » Ardennes	1	79
Département de la Sarthe : Demande de cumul RSA et travail saisonnier	1	78
HELP « aide aux entreprises en difficultés » Corrèze-V1	1	78
ANSM - Déclaration d'enregistrement d'une activité de fabrication, d'importation ou de distribution de substance active à usage vétérinaire en vertu de l'article 95 du règlement européen 2019/6	1	78
DDTM 62 - Demande d'analyse de l'éligibilité à la mesure d'acquisition amiable d'un bien sinistré à plus de 50% par une catastrophe naturelle	1	78
PP/DUPA - LICENCES III et IV - Déclaration de mutation,  de translation d'un débit de boisson	1	78
Appel à Projets Santé Environnement (APSE) ARS 2022  	1	78
Ministère du Travail, de l'Emploi et de l'Insertion - Aide financière relative au CDI Inclusion	1	77
Vous êtes des acteurs des produits biosourcés ou des carburants durables ? Partagez avec nous votre vision dans le cadre de la stratégie d'accélération dédiée à ces thématiques.	1	77
Aide au pluralisme des services de presse tout en ligne (SPTEL) (2024)	1	77
Attestation de non classement _ ICPE _ Département 51 uniquement	1	77
Culture & Justice 2024 - DRAC Auvergne-Rhône-Alpes	1	77
Conférence des financeurs : Appel à candidatures 2022 : Axes 3 et 6 (1ère demande)	1	77
Demande de subvention - Direction Régionale aux Droits des Femmes et à l'Egalité Normandie au titre de l'année 2023	1	77
Notification de modifications relatives à un programme d’éducation thérapeutique du patient déclaré conformément à l’article R. 1161-6 du code de la santé publique	2	77
ARS Île-de-France - Appels à projets régional 2021 - Fonds de lutte contre les conduites addictives (FLCA)	1	76
Programme 137 « Egalité entre les femmes et les hommes » Subventions 2024	1	76
ARSIF - Appel à projets 2024 - "Soutien à l'innovation dans les formations des professionnels de santé : simulation en santé"	1	76
ARS Nouvelle-Aquitaine - Déploiement des infirmiers-ères en pratique avancée  en Nouvelle-Aquitaine - 2023	1	76
Déclaration des investissements publics de recherche et développement au titre de 2023	1	76
Dépôts des conventions de réservation  - Gestion en flux des logements sociaux 93	1	76
Ardèche-Aide d'urgence suite au gel 2022	1	76
HELP « aide aux entreprises en difficultés » Aube	1	76
Contrat Pluriannuel d'Objectifs et de Moyens et Dialogue de gestion des entreprises adaptées HAUTS-DE-FRANCE 	1	76
ASSOCIATIONS - Demande de subvention à déposer le 15 décembre 2023	1	76
AAP PLAN AMBITION 2021-2025	1	75
Demande de subvention d'investissement 2024 - Caf de la Haute-Vienne	1	75
Fonds d’urgence Grêle juin 2022 - Nièvre - Demande d’une aide d’urgence 	1	75
Liger Bocage 2 - DÉMARCHE INDIVIDUELLE	1	75
HELP « aide aux travailleurs indépendants en difficultés » TARN-ET-GARONNE	1	75
DDETSPP87 / Influenza aviaire / Demande de LPS 2021-22	1	75
ARS_IDF_SRTS - DEMANDE D’AGREMENT POUR UNE ENTREPRISE DE TRANSPORTS SANITAIRES	1	74
Dépôt et instruction des programmes de FCC internes	1	74
Demande de subvention de fonctionnement 2024 - Caf de la Haute-Vienne	1	74
Appel à projet Ile-de-France 2024 parrainage-marrainage	1	74
Bilan 2023 Entreprises adaptées HDF	1	74
habilitation régionale 2024	1	74
AVIS D’APPEL À MANIFESTATION D’INTERET SPORT SANTE JEUX OLYMPIQUES ET PARALYMPIQUES PARIS 2024	1	74
Demande de subvention d'investissement 2020 - Caf de la Haute-Vienne	1	74
Demander sa carte professionnelle de Déchetterie	1	74
Déclaration d'activités aériennes sur le département de la Seine-Saint-Denis : drones, ballons captifs et hélicoptères	1	74
Appel à projets "Culture et Santé, handicap et dépendances" - DRAC Provence-Alpes-Côte d'Azur (2023)	1	74
FIPD 2024 - Prévention de la délinquance - CALVADOS	1	73
Conférence des financeurs de la prévention de la perte d'autonomie du 92 - Appel à projets 2022 - Axe 6 " Autres Actions de Prévention "	1	73
Demande de subvention de fonctionnement 2023 - Caf de la Haute-Vienne	1	73
Haute-Marne - DETR et DSIL 2020	1	73
PROGRAMME 104 - intégration et accès à la nationalité française APPEL A PROJETS REGIONAL 2021 Ile-de-France 	1	73
Préfecture de Police de Paris/DUPA/BPAS : Demande d'inscription sur le registre des revendeurs d'objets mobiliers	1	73
Transmission des Rapports d'analyse des RIA 1 et 2 - 2023	1	72
APPEL A PROJETS REGIONAL 2024 RELATIF A L'INTEGRATION DES ETRANGERS PRIMO-ARRIVANTS DONT LES BENEFICIAIRES DE LA PROTECTION INTERNATIONALE - DRIEETS Unité régionale	1	72
Demande de réservation de salle	1	72
Recensement ETP 2023 et besoins supplémentaires	1	72
Déclaration Quantité Tabacs Manufacturés (DQTM) DIRECTION REGIONALE DE LA REUNION	1	72
Appel à projet Ile-de-France 2023 parrainage-marrainage	1	72
Appel à Projets Régional 2022 : Volet 1 : Soutien aux actions des groupes de travail régionaux	1	71
DECLARATION DE SPECTACLE PYROTECHNIQUE AUDE	1	71
FONDS VERT - Accompagnement pour l’adaptation des territoires littoraux au recul du trait de côte	1	71
FIPD 2021 - Programme D - Préfecture du département de la Seine-Maritme	1	71
Dihal - Subventions nationales 2022 : Programme 177 « Hébergement, parcours vers le logement et insertion des personnes vulnérables »	2	71
AAP France 2030 - Tiers-Lieux d'Expérimentation	2	71
HELP « aide aux entreprises en difficultés » Finistère - V1	1	70
Appel à projets 2023 "Intégration et accès à la nationalité française"  - AXE 1  	1	70
AMI Régional IAE IDF Nouveau Projet 2022	1	70
FranceRelance  : Fonds "Transformation numérique des collectivités territoriales" > Appel à projets > Développer l’utilisation de la donnée dans votre territoire	1	70
Demande de subvention de fonctionnement 2022 - Caf de la Haute-Vienne	1	70
HELP « aide aux entreprises en difficultés » ORNE	1	70
Dialogue de gestion Entreprises adaptées HAUTS-DE-FRANCE	2	70
Appel à Projets Régional 2023 : Volet 3 : Déclinaison territoriale de la politique relative aux 1 000 premiers jours de l'enfant	1	69
Aide au titre du contrat de développement des énergies renouvelables thermiques	1	69
ANSM - Dossier de demande d’ouverture d’un établissement pharmaceutique exploitant	1	69
HABILITATION CCF campagne 2024 / Région académique Provence-Alpes-Côte d'Azur	1	69
Démarche de conventionnement des Taxis, Yvelines ( convention 2019)	1	69
Ministère du Travail du Plein emploi et de l'Insertion - Dérogation individuelle à la durée hebdomadaire minimale de travail - 2022	1	69
Dossier de demande d'aide financière 2020 - INVESTISSEMENT / EQUIPEMENT	2	69
Déclaration d'un rassemblement d'animaux de compagnie en Indre-et-Loire	1	68
HABILITATION CCF 2022 / Région académique Provence-Alpes-Côte d'Azur	1	68
Ministère du Travail du Plein emploi et de l'Insertion - Dérogation collective à la durée hebdomadaire minimale de travail - 2022	1	68
Aide au pluralisme des services de presse tout en ligne d'information politique et générale (SPTEL)	1	68
 DiNA CUMA - Volet Aide au Conseil Stratégique Appel à Projets 2024 en Occitanie	1	68
Appel à projets - Plan Départemental d'Actions de Sécurité Routière - 2024 - Pyrénées-Orientales	1	68
DDPP62 / Demande de laissez-passer sanitaire / Influenza aviaire	1	68
Fonds d'urgence bio - Isère	1	67
DEMANDE D'AUTORISATION INDIVIDUELLE DE CHASSE ANTICIPÉE DU SANGLIER pour la période du 1er juin 2024 au 14 août 2024 en Sarthe	1	67
Programme 137 « Egalité entre les femmes et les hommes » Subventions 2022	1	67
Demande de subvention de fonctionnement 2021 - Caf de la Haute-Vienne	1	67
Mise à jour donnée Entreprises adaptées HAUTS-DE-FRANCE	1	67
Appel à projets DILCRAH 2023-2024 - département du Nord	1	67
APPEL A PROJETS REGIONAL 2022 RELATIF A L’INTEGRATION DES ETRANGERS PRIMO-ARRIVANTS DONT LES BENEFICIAIRES DE LA PROTECTION INTERNATIONALE	1	67
Conférence des financeurs : Bilan intermédiaire décembre 2022(Actions 2022/2023)et demande de reconduction pour les porteurs bénéficiant d'une convention annuelle : Axes 3 et 6	1	67
Contrôle de conformité des GAEC	2	67
Conventions annuelles - Fonctionnement des Permanences d'Accès aux Soins de Santé (PASS)	2	67
Candidature à l'Incubateur d'Entrepreneurs en Santé Numérique de Bpifrance et d'Université de Paris	3	67
ARS Nouvelle-Aquitaine - Déploiement des infirmiers-ères en pratique avancée  en Nouvelle-Aquitaine - 2024	1	66
Ville de Pornic - Déclaration préalable d'une vente au déballage	1	66
QUESTIONNAIRE D’INSCRIPTION DES N°SIRET DES INSTITUTS DE FORMATION PARAMEDICAUX SUR LES FICHES RNCP DES FORMATIONS QU’ILS DELIVRENT	1	66
Demande de subvention d'investissement 2023 - Caf de la Haute-Vienne	1	66
HELP « aide aux entreprises en difficulté » IdF département 95	1	65
HELP « aide aux entreprises en difficulté » Pyrénées Atlantiques - V1	1	65
HELP « aide aux entreprises en difficultés » Vosges	1	65
Démarche de conventionnement des Taxis, Yvelines ( Convention 2024)	1	65
Appel à projets 2023 BOP 104 - intégration des primo-arrivants dans les Hauts-de-Seine	1	65
FIPD 2022 - Prévention de la délinquance - CALVADOS	1	65
BOURSE AUX POSTES SEPTEMBRE 2023 	1	65
Traitement, numérisation et valorisation d'archives à l'échelle nationale et internationale 2024	1	64
AMI Incubateur FT Tremplin Incubation saison - 2024 	1	64
Attribution d’une dotation complémentaire aux Services Autonomie à Domicile (SAD) pour le financement d’actions améliorant la qualité du service rendu à l’usager	1	64
92-Demande de permis de stationnement, sur voie de circulation (route, piste cyclable, voie de bus ou trottoir), pour déménagement ou livraison de matériels V5	1	64
Convention Itinéraires Culturels - Education Artistique et Culturelle  1er degré - 2023-2024	1	64
Demande d'autorisation d'occupation temporaire (AOT)  sur le domaine public fluvial (DPF) de l'État dans le Maine-et-Loire. 	2	64
Conférence des financeurs : Appel à candidatures 2022-2023 : Axes 3 et 6 (1ère demande)	1	63
Demande de subvention au titre de la DETR et de la DSIL (Hauts-de-Seine)	1	63
Fonds d'urgence bio_DDT du Rhône	1	63
AAP 2024 "Antichutes" - Conférence des financeurs des Yvelines	1	63
Appel à projet Ile-de-France 2022 parrainage-marrainage	1	63
HELP « aide aux entreprises en difficultés » AUVERGNE PUY DE DÔME	1	63
Appel à projets Culture & Justice 2023 - DRAC Ile-de-France	1	62
ARS Île-de-France - Appels à projets régional 2022 - Fonds de lutte contre les conduites addictives (FLCA)	1	62
COVID-19 : VOTRE INNOVATION NE REPOND A AUCUN APPEL A PROJETS EN COURS ? PRESENTEZ LA ICI !	1	62
93-Demande de permis de stationnement, sur places existantes, pour déménagement (ou livraison de matériels) V5	1	62
Demande d'enregistrement pour l'autorisation à délivrer la formation "Hygiène alimentaire en établissement de restauration commerciale" en région Ile-de-France [phase transitoire]	1	61
Appel à Projets Axe Transverse du PRIC Provence-Alpes-Côte d'Azur 	1	61
Dispositif d’urgence – Soutien aux exploitations d'élevage_inondation	1	61
Département du Haut-Rhin - Déclaration pour l'exercice de l'activité de transport par route de déchets.	1	61
Subvention Mirapi - travaux de réduction de la vulnérabilité aux inondations	1	61
Aide aux publications nationales d'information politique et générale à faibles ressources publicitaires (PFRP)	1	61
Appel à projets DILCRAH LOCAL 2023-2024	1	61
Demande de subvention d'investissement exceptionnelle 2020 - Caf de la Haute-Vienne	1	61
HELP « aide aux entreprises en difficultés » Aisne	1	60
Contrôle de conformité GAEC - 2022	1	60
Appel à candidatures PAT Pays de la Loire «  Renforcer la dynamique des projets alimentaires territoriaux et accompagner la mise en œuvre des actions sur les territoires » -  PLAN de RELANCE - DRAAF RÉGION ADEME – Édition 2021 	1	60
Attribution d’une dotation complémentaire aux services d’aide et d’accompagnement à domicile (SAAD) pour le financement d’actions améliorant la qualité du service rendu à l’usager	1	60
Appel à projets Culture & Justice 2023 - DRAC Auvergne-Rhône-Alpes	1	60
Inscription Ligne Générique Télésurveillance 	1	60
Première demande d'aide financière 2024 "Soutien aux proches aidants"	1	60
Demande d'autorisation de travaux sur les mares en Normandie	1	60
FranceRelance : Fonds "Transformation numérique des collectivités territoriales" > Développer l’utilisation de la donnée dans votre territoire > Reporting Projet	2	60
Appel à projets 2022 : Prévention et lutte contre les violences sexistes et sexuelles au travail	1	59
Prévention et lutte contre la pauvreté en Nouvelle-Aquitaine  – Bilan actions 2022	1	59
Demande de renouvellement d'un dossier DETR ou DSIL non retenu en 2021 - Formulaire commun 2022	1	59
Demande d'autorisation préfectorale individuelle de dérogation aux interdictions de destruction des oiseaux de l’espèce grand cormoran (phalacrocorax carbo sinensis) dans le département de la Loire pour la période 2023-2024	1	59
Collecte Taxe apprentissage 2020 - Université de Nantes	1	59
Fonds d'urgence viticulture 2023 - Haute-Garonne	1	59
Demande d'inscription sur le registre des revendeurs d'objets mobiliers	1	59
Formulaire de dérogation sécheresse irrigation Oise	1	59
MILDECA 2021 - Mission interministérielle de lutte contre les drogues et les conduites addictives – Préfecture des Yvelines	1	59
HELP « aide aux entreprises en difficultés » Lot et Garonne	1	59
HELP « aide aux travailleurs indépendants en difficultés » HAUTES-PYRENEES	1	58
Programme 304 action 17 « Protection et accompagnement enfants, jeunes et familles vulnérables  » Subventions 2024	1	58
Porter à connaissance de vidange d'un plan d'eau en Ille-et-Vilaine	1	58
Programme 137 « Egalité entre les femmes et les hommes » Subventions 2021	1	58
92-Demande d'arrêté pour occupation du domaine public par un commerce (AOT) V5	1	58
Ministère du Travail de l'insertion et de l'emploi - Engagement des AI et ETTI dans le secteur de la restauration	1	58
Demande de subvention de fonctionnement 2020 - Caf de la Haute-Vienne	1	58
Demande de subvention d'investissement 2022 - Caf de la Haute-Vienne	1	58
FranceRelance : Fonds "Tranformation numérique des collectivités territoriales" > Appel à projets > Développer l’utilisation de la donnée dans votre territoire	1	58
FIPDR 2022 - Prévention de la délinquance et de la radicalisation. 	1	58
Appel à candidature ÔYES (Hauts-de-Seine Etudiants Séniors)	2	58
Demande de subvention au titre de la DETR et de la DSIL 2024 - Arrondissement de Saint-Pierre - La Réunion	1	57
Aide aux publications nationales d'information politique et générale à faibles ressources publicitaires (PFRP) (2024)	1	57
2024 - Appel à projet relatif à l'intégration des étrangers en situation régulière dont les bénéficiaires de la protection internationale - Val-de-Marne 	1	57
Signalement de pertes de récoltes suite à un aléa pour des cultures non couvertes par un contrat multirisques agricoles pour la campagne en cours	1	57
Appel à candidatures 2019 : Conférence des Financeurs : Axe 6 : Actions collectives de prévention de la perte d'autonomie	1	57
Fonds d'urgence bio - Cantal	1	57
AGREMENT VIDANGEURS ASSAINISSEMENT NON COLLECTIF 	1	57
Appel à candidatures 2024-2025 pour l'incubateur Échelle Un	1	57
DREETS-GE - Employeurs : si vous hébergez des salariés, déclarez l’hébergement 	1	57
Assurance retraite Ile-de-France - Appel à candidature Centres sociaux 2024-2025	1	57
DETR 2021 - Arrondissement de Vendôme	1	57
 Appel à projets - Plan Départemental d'Actions de Sécurité Routière - 2024 - Seine-Saint-Denis                                                                           	1	57
Application pour l'agrément national des associations spécialisées (ANA-S)	1	57
habilitation régionale 2023	1	57
Bilan de fonctionnement de l'année 2023 des unités valorisant du biogaz dans les réseaux en Centre-Val de Loire	1	57
Agrément provisoire des Centres de Santé dentaire/ophtalmologique	1	57
Engagement Sapeur-Pompier Volontaire SDIS17 - CSZB	2	57
AAP 2024 "Lien social" - Conférence des financeurs des Hauts-de-Seine	1	56
Appel à projets Mise en place du contrat d'engagement jeune - volet Jeunes en rupture 2e vague	1	56
HELP « aide aux entreprises en difficultés » Haute-Marne	1	56
Mission Entreprendre dans la Culture - 3daysofdesign à Copenhague (Danemark)	1	56
Formulaire de démarche simplifiée pour l'abattage d'arbres d’alignement bordant des voies ouvertes à la circulation publique en Ille-et-Vilaine	1	56
HELP « aide aux entreprises en difficultés » Vendée - V1	1	55
Dépôt des dossiers complets - Appel à projets national Ecophyto 2021 - 2022 - Volet 1	1	55
Formulaire de présentation des Décisions Modificatives à l'EPRD 2022	1	55
2024-2025 Mission de sensibilisation à l'écriture scénaristique dès le plus jeune âge - Mise en place d’ateliers d’écriture scénaristique et accompagnement du défi « Écris ta série! » 	1	55
Demande de fiche matricule d'un navire de plaisance immatriculé NA ou SN	1	55
Formulaire de déclaration de travaux sur des bâtiments ou sur des habitations et touchant des espèces protégées ou leur habitat	1	55
 DiNA CUMA - Volet Aide au Conseil Stratégique Appel à Projets 2023 en Occitanie	1	55
EPRD 2024 - PGFP 2024-2033	1	55
Demande initiale d'un agrément JEP (Jeunesse - Education Populaire)	1	55
Conférence des financeurs : Bilan intermédiaire décembre 2021 (Actions 2021/2022)et demande de reconduction pour les porteurs bénéficiant d'une convention annuelle : Axes 3 et 6	1	55
94-Demande de permis de stationnement pour mise en place d'un échafaudage, sur places existantes ou sur voie de circulation (route, piste cyclable, voie de bus ou trottoir) V5	1	55
94-Demande de permis de stationnement, sur voie de circulation (route, piste cyclable, voie de bus ou trottoir), pour déménagement ou livraison de matériels V5	1	55
HELP « aide aux entreprises en difficultés » 84 - V1	1	54
Demande de dérogation à l'interdiction de destruction du grand cormoran (Phalacrocorax carbo sinensis) dans les zones de pisciculture en étang et sur les eaux libres périphériques - (eaux closes)  (arrêté ministériel du 26 novembre 2010) Campagne 2023-2024	1	54
Ministère du Travail de l'Emploi et de l'Insertion - Aide financière relative au contrat passerelle - 2022	1	54
Assurance retraite Ile-de-France - Appel à candidature Centres sociaux 2023/2024	1	54
Appel à projets BOP 104 action 12	1	54
Bilan de l'action financée par la conférence des financeurs de la prévention de la perte d'autonomie (septembre 2019 - juin 2020)	1	54
Assurance retraite Ile-de-France - Appel à candidature Centres sociaux 2022/2023	1	54
DEMANDE DE SUBVENTION DE FONCTIONNEMENT 2024	1	54
HELP « aide aux entreprises en difficultés » Maine-et-Loire - V1	1	54
2023 - Appel à projet relatif à l'intégration des étrangers en situation régulière dont les bénéficiaires de la protection internationale - Val-de-Marne 	1	54
FranceRelance : Fonds "Transformation numérique des collectivités territoriales" > Développer l’utilisation de la donnée dans votre territoire > Reporting Projet 2	2	54
HELP « aide aux entreprises en difficultés » Morbihan - V1	1	53
Appel à projet PDASR 2024 : subvention des actions de sécurité routière	1	53
HABILITATION CCF campagne 2024 - Procédure simplifiée pour CFA privés / Région académique Provence-Alpes-Côte d'Azur	1	53
Aisne (02) - Retournement des prairies permanentes en Région Hauts-de-France	1	53
Appel à projets BIODIV'ECO 2021 - Façade atlantique des Outre-mer	1	53
DEMANDE DE SUBVENTION DE FONCTIONNEMENT SUR PROJET CAF68 2023	1	53
HELP « aide aux entreprises en difficultés » 974	1	52
Bilan des projets Culture & Santé - DRAC et ARS Centre-Val de Loire	1	52
Fonds d'urgence pour accompagner les exploitations en agriculture biologique en difficulté - DDT Côte d'Or	1	52
Enquête Humanisation : besoins en travaux du parc d’hébergement Asile (HUDA/CADA)	1	52
Enquête Irrigation : relevés annuels d'index de prélèvements d'eau pour la campagne 2023 et estimation des besoins en prélèvements d'eau 2024 pour le département de l'Aisne 	1	52
HELP « aide aux entreprises en difficulté » Dordogne - V1	1	52
HABILITATION CCF campagne 2025 / Région académique Provence-Alpes-Côte d'Azur	1	52
92-Demande de permis de stationnement pour mise en place d'un échafaudage, sur places existantes ou sur voie de circulation (route, piste cyclable, voie de bus ou trottoir) V5	1	52
Appel à projets Carsat Normandie Préservation de l'Autonomie et du Lien Social	3	52
Fonds d'urgence viticulture 2023 - Bouches du Rhône	1	51
DDETSPP40 / Salmonelles / Demande d'attestation Charte Sanitaire volailles	1	51
Programme 304 action 17 « Protection et accompagnement des enfants, des jeunes et des familles vulnérables» Subventions 2022	1	51
Crédit pour l'aide à la mobilité internationale (AMI) 2024-2025	1	51
Demande de subvention 2023 - EAJ	1	51
Conférence des financeurs : Bilan intermédiaire 2020/2021 et demande de reconduction 2021/2022 : Axes 3 et 6	1	51
Label Artisan du Tourisme de Seine-Saint-Denis - Edition 2024	1	51
Appel à projets départemental 2022 du BOP 104 action 12 : intégration des étrangers primo-arrivants en Essonne.	1	51
DRAAF OCCITANIE : enregistrement des organismes pour la formation en hygiène alimentaire	1	51
Déclaration pour un exercice ponctuel de l'activité de tatouage, de maquillage permanent et de perçage corporel en Région Centre Val de Loire	1	51
77-Demande de subvention PDASR 2021	1	51
FIPD 2021 - Prévention de la délinquance - CALVADOS	1	51
Appel à projets 2022 « Bien vivre sa retraite, le plus longtemps en autonomie »	1	51
DREETS ARA - TELEPROCEDURE SUR LE RAPPORT ANNUEL D'ACTIVITE DU SERVICE DE PREVENTION ET DE SANTE AU TRAVAIL AUTONOME - ANNEE 2021	1	51
DAAF DE LA REUNION : enregistrement des organismes pour la formation en hygiène alimentaire	2	51
Appel à projets 2022 pour le déploiement de structures spécialisées dans la prévention, le repérage et l’accompagnement des situations de prostitution de mineurs	1	50
APPEL A PROJET : 1000 PREMIERS JOURS EN PAYS DE LA LOIRE ET "ENFANCE = EGALITE" : FORMATION DES PROFESSIONNELS DE LA PETITE ENFANCE	1	50
MILDECA 2024 - Mission interministérielle de lutte contre les drogues et les conduites addictives – Préfecture des Yvelines	1	50
Appel à Projets Régional 2022 : Volet 3 : Déclinaison territoriale de la politique relative aux 1 000 premiers jours de l'enfant	1	50
Accompagnement coordonné des travailleurs indépendants en Mayenne	1	50
Fonds d'urgence bio en Ardèche	1	50
Déclaration d’un programme d’éducation thérapeutique du patient auprès de l’Agence régionale de santé Bourgogne Franche-Comté	1	50
ADELI GUADELOUPE 971 - Usagers  de titres professionnels 	1	50
[ANSM]- Signalement d'un usage non conforme	1	50
Fiche descriptive du projet d’irrigation nécessaire à l’avis de la DDTM du Gard pour l'aide à la restructuration du vignoble	1	50
MILDECA 2022 - Mission interministérielle de lutte contre les drogues et les conduites addictives – Préfecture des Yvelines	1	50
Préfecture de l'Hérault - FIPD 2022 - programme S (Vidéoprotection)	1	50
DDPP44 / IAHP2022 / DEPEUPLEMENTS / Acompte indemnisation VMO	1	50
Consultation FRANCE 2030 - Constellations et nouveaux axes thématiques pour la feuille de route spatiale	1	50
Appel à projets Culture & Santé 2022 - DRAC et ARS Bretagne	1	50
FranceRelance : Fonds "Transformation numérique des collectivités territoriales" > Dématérialiser ou améliorer l'expérience d'une démarche administrative en ligne > Reporting Projet 2	2	50
DiNA CUMA - Volet Aide au Conseil Stratégique	2	50
Traitement, numérisation et valorisation d'archives à l'échelle nationale et internationale	1	49
Appel à projets Animation "Pacte en faveur de la haie" en Pays de la Loire	1	49
Demande de subvention 2023 - PRAPS 	1	49
ARS Île-de-France - Financement de programmes ETP en ville  - 2023	1	49
Déclaration préalable de travaux sur haies et bosquets pour agriculteurs -  Département du Doubs	1	49
HELP « aide aux travailleurs indépendants en difficultés » AVEYRON	1	49
DEMANDE DE SUBVENTION DE FONCTIONNEMENT 2023	1	49
FONDS VERT - Renforcement de la protection des bâtiments contre les vents cycloniques	1	49
Compte-rendu financier de subvention 2022 - DRDFE Bretagne	1	49
FranceRelance : Fonds "Transformation numérique des collectivités territoriales" > Développer l’utilisation de la donnée dans votre territoire > Reporting Projet 3	2	49
Appel à projets PIC Hauts-de-France "Repérer et mobiliser les publics dits invisibles et en priorité les plus jeunes d'entre eux"	3	49
Formulaire de porter à connaissance de pertes de productions agricoles liées aux orages de grêles	1	48
2024-Bilan des opérations de destruction à tir de pigeons ramiers soumises à autorisation	1	48
77-Demande de subvention PDASR 2022	1	48
HELP « aide aux entreprises en difficultés » AUVERGNE ALLIER	1	48
Soutien à la mise en œuvre du tutorat dans les établissements de l'enseignement supérieur Culture (ESC)	1	48
AAP 2024 "Lien social" - Conférence des financeurs des Yvelines	1	48
AAP 2024 "Antichutes" - Conférence des financeurs des Hauts-de-Seine	1	48
DDETSPP82 / Influenza aviaire / Demande de laissez-passer sanitaire (LPS)	1	48
 Avenant à la demande de dérogation ANNUELLE  2022 pour la Corse-du-Sud	1	48
HELP « aide aux entreprises en difficultés » 05	1	48
HELP « aide aux travailleurs indépendants en difficultés » GERS	1	48
Appel à projets régional " Parents solos " 2022	1	48
Formulaire de présentation des Décisions Modificatives à l'EPRD 2023	1	48
ARA "Repérer et mobiliser les publics invisibles et en priorité les plus jeunes d'entre eux"	2	48
AAC 2021 - Mesure 13 - Phase 2 : Formulaire de demande de subvention au titre de l'axe 2.1 – Auvergne-Rhône-Alpes 	1	47
DREETS Nouvelle-Aquitaine - Appel à Projets 2023 - Lutte contre la précarité menstruelle	1	47
FIPDR 2021 - Prévention de la délinquance et de la radicalisation. 	1	47
DREETS-GE - Appel à projets 2024 - Programme Mieux Manger Pour Tous - Volet local	1	47
Appel à projet : "Innovations organisationnelles facilitées par le numérique"	1	47
ADELI Ile-de-France _ Changement de situation (15.10.20)	1	47
Déclaration de durabilité RED II : électricité et chaleur / biogaz	1	47
AAP 2022 Prévention des addictions	1	47
HELP « aide aux indépendants en difficultés » TARN - v1	1	47
Contrôle habilitation au SIV	2	47
Dossier de candidature en réponse à l'appel à projets de l'ARS Bretagne, visant à soutenir les professionnels de santé en exercice coordonné  dans la mise en place d’actions de prévention et promotion de la santé	2	47
 Appel à projets - Plan Départemental d'Actions de Sécurité Routière - 2022- Seine-Saint-Denis                                                                           	1	46
 DiNA CUMA - Volet Aide au Conseil Stratégique Appel à Projets 2022 en Occitanie	1	46
Demande de renouvellement d'agrément d'un établissement d’enseignement de la conduite et de la sécurité routière - département des Vosges	1	46
Département du Bas-Rhin - Déclaration pour l'exercice du négoce et du courtage de déchets.	1	46
Déclaration de changement de bénéficiaire d'un plan d'eau en Ille-et-Vilaine	1	46
Demande de subvention au titre de la DETR & DSIL 2022 DPVA	1	46
EPRD PGFP 2022 	2	46
Intitulé démarche test	1	45
Sport Santé 2022	1	45
Mieux Manger Pour Tous Occitanie – Bilan d'étape	1	45
FIPD 2021 - Prévention de la délinquance et prévention de la radicalisation - Préfecture de l'Essonne	1	45
Demande d'aide financière 2020 "Soutien aux proches aidants"	1	45
Appel à coopération de projets : Manufactures de proximité 2024	1	45
Appel à projets du Parc national de forêts 2024	1	45
DEMANDE DE SUBVENTION D'INVESTISSEMENT 2021 - ACCOMPAGNEMENT AU DEVELOPPEMENT DU NUMERIQUE	1	45
DREETS Auvergne-Rhône-Alpes - Demande d'agrément organisme de formation CSE - mission économique	1	45
AAC 2021 - Mesure 13 - Phase 2 : Formulaire de demande de subvention au titre de l'axe 1.2 - Auvergne-Rhône-Alpes	1	45
Enquête Irrigation : relevés annuels d'index de prélèvements d'eau pour la campagne 2021 et estimation des besoins en prélèvements d'eau 2022 pour le département de l'Aisne (02)	1	45
93-Demande de permis de stationnement pour mise en place d'un échafaudage, sur places existantes ou sur voie de circulation (route, piste cyclable, voie de bus ou trottoir) V5	1	45
Aide de trésorerie exceptionnelle suite à la sécheresse de 2023 à Mayotte	1	44
CD93 | Inser'Sport Seine Saint Denis	1	44
ASSOCIATIONS - Demande de subvention	1	44
Préfecture de l'Hérault - FIPD 2023 - programme S (Vidéoprotection)	1	44
Appel à Manifestation d'Intérêt (AMI) préalable au dépôt d’une demande d’aide à l’animation MAEC 2024-2025	1	44
 DiNA CUMA - Volet Aide au Conseil Stratégique Appel à Projets 2021 en Occitanie	1	44
DEMANDE DE SUBVENTION DE FONCTIONNEMENT SUR PROJET CAF68	1	44
Déplacement des prairies permanentes en Région Hauts-de-France [Pas-de-Calais]	1	44
HELP « aide aux entreprises en difficultés » Puy de Dome - V1	1	44
FRANCE RELANCE - Dotation de soutien à la rénovation énergétique des bâtiments des collectivités territoriales	1	44
Appel à manifestation d’intérêt – Déploiement de la démarche ICAPS en Bretagne	2	44
PREF976_SGAR_Demande de paiement d'une subvention (DSCEES-FEI-CCT 2019/2023-CCT 2024/2027 -CPER 2015/2020-FNADT)	1	43
HELP « aide aux entreprises en difficulté » Moselle - V1	1	43
Appel à projets DREAL - Rectorat - ARS Bretagne	1	43
Appel à projets (AAP) pour la mise en œuvre d’actions d’animation des mesures agro-environnementales et climatiques – Campagnes 2024 et 2025	1	43
Service civique - Demande d'avenant (DRAJES Ile-de-France)	1	43
Appel à projets - DRDFE 2024 - Demande de subvention - Direction Régionale aux Droits des Femmes et à l'Égalité Normandie	1	43
HELP « aide aux entreprises en difficultés » Pyrénées-Orientales - V1	1	43
Premier volet de l’appel à projets national (AAPN) Écophyto 2023	1	43
Conférence des financeurs : Appel à candidatures 2021-2022 : Axes 3 et 6 (1ère demande)	1	43
Appel à projet PDASR 2022 : subvention des actions de sécurité routière	1	43
Education artistique et culturelle / Offre collective Pass Culture	1	43
F503 - Désignation ou révocation d'administrateur technique de certificats logiciels	1	43
Fonds d'urgence pour le soutien de l'agriculture biologique en Martinique	1	43
LBC SOBAC'ECO-TMM	1	42
Appel à projet PDASR 2023 : subvention des actions de sécurité routière	1	42
Demande d'autorisation de manifestation nautique (sportive, fête nautique ou autres concentrations de bateaux susceptibles d'entraver la navigation fluviale)	1	42
AAP 2024 - Appel à projets institutionnels pour la mise en œuvre d'actions en faveur de la lutte contre l'exploitation sexuelle des mineurs 	1	42
DEMANDE DE SUBVENTION DE FONCTIONNEMENT SUR PROJET CAF68 2022	1	42
Demande de subvention Dotation Politique de la Ville (DPV) - Exercice 2024 - Préfecture des Yvelines	1	42
Appel à projets 2022 sur la labellisation des associations menant des actions de sensibilisation sur les maltraitances sexuelles à destination du milieu scolaire	1	42
GRAND EST _ Appel à projets "Repérer et mobiliser les publics invisibles et en priorité les plus jeunes d'entre eux"	2	42
94-Demande d'arrêté pour occupation du domaine public par un commerce (AOT) v4	1	41
Culture et Santé à La Réunion - Appel à projets 2024	1	41
Commande photographique nationale célébrant les 30 ans du titre Maître d'art	1	41
Appui à la structuration de l’enseignement supérieur Culture (ESC)	1	41
Demande de subvention 2023 - Sport Santé	1	41
FIPD 2021 - Prévention de la délinquance : "Vidéo protection" - Préfecture de l'Essonne	1	41
Dossier de demande de subvention PDASR 2023 - Essonne	1	41
Demande d'enregistrement pour l'autorisation à délivrer la formation "Hygiène alimentaire en établissement de restauration commerciale" en région Grand Est [1er au 31 mai 2024]	1	41
FIPD 2023 - Prévention de la délinquance : "Vidéo protection" - Préfecture de l'Essonne	1	41
HELP « aide aux entreprises en difficultés » Aude - V1	1	41
DEMANDE DE SUBVENTION DE FONCTIONNEMENT SUR PROJET CAF68 2021	1	41
Demande de dérogation d'obligation de pesée après débarquement	1	41
Formulaire pour transmission de documents : rapports de gestion, d’activité, rapport financier,	1	41
ANSM - Formulaire EP Cas 4 DMDIV - Version non FR	1	41
Bilan annuel de l'action "Soutien aux proches aidants" 2022-2023	1	40
Appel à projet régional Parrainage Nouvelle-Aquitaine 2024-2026	1	40
Ministère du Travail du Plein emploi et de l'Insertion - Dérogation aux 480 heures en association intermédiaire - 2023	1	40
Programme 304 action 17 « Protection et accompagnement des enfants, des jeunes et des familles vulnérables» Subventions 2021	1	40
AAP PRIC CAP TRANSEA 2023	1	40
Appel à projets Culture & Justice 2024 - DRAC Bourgogne-Franche-Comté	1	40
AAP 2023 "Lien social" - Conférence des financeurs des Hauts-de-Seine	1	40
Candidater au 141e cycle Jeunes de l'IHEDN	1	40
Demande de médaille d'honneur des transports routiers - PACA	1	40
[Qualif] BAF Création d'une fondation d'entreprise (national)	1	40
Circulation des petits trains touristiques sur la commune de Marseille	1	40
Mission Entreprendre dans la Culture -  découvrabilité à Montréal Connecte	1	39
Appel à projets - Mise en place du contrat d'engagement jeune - volet Jeunes en rupture - Région Auvergne - Rhône-Alpes	1	39
Compte-rendu financier de subvention 2023 - DRDFE Bretagne	1	39
Demande de dérogation à la protection des espèces : RANACULTURE	1	39
DREETS ARA - TELEPROCEDURE SUR LE RAPPORT ANNUEL D'ACTIVITE DU SERVICE DE SANTE AU TRAVAIL AUTONOME	1	39
Assurance Retraite Ile-de-France - Appel à projets 2023 "Aide à l'investissement en faveur des résidences autonomie"	1	39
Fiche spécifique action Programme de Réussite Educative (PRE)  - Programmation 2022 du Contrat de Ville CAPH	1	39
Dossier de candidature au Plan de Transformation des Zones Commerciales	1	39
ANSM - Déclaration de cessation d'une activité ou d'une opération pharmaceutique dans un établissement pharmaceutique (article R. 5124-10-1 6° du code de la santé publique)	1	39
DIRECCTE Occitanie - [2nd VAGUE 02/09/2019] Appel à projets "Repérer et mobiliser les publics invisibles et en priorité les plus jeunes d'entre eux" 	1	39
Assurance Retraite Ile-de-France - Appel à projets 2024 "Aide à l'investissement en faveur des résidences autonomie"	1	39
Suivi annuel d'une association au titre de la protection de l'environnement	1	39
HELP « aide aux entreprises en difficultés » Manche	1	39
Appel à projets - Plan Départemental d'Actions de Sécurité Routière - 2022 - Pyrénées-Orientales	1	39
LBC CarbonAgri	1	39
PP/DUPA- Demande d'habilitation pour l'exercice d'activités funéraires	1	39
SIGNAL PUB 1.2	1	39
Contrôle de conformité GAEC - 2023	1	39
DREETS CVDL - Habilitation régionale au titre de l'aide alimentaire	5	39
Formation des volontaires Cinéma et Citoyenneté	2	39
92-Demande de permis de stationnement pour mise en place d'un échafaudage, sur places existantes ou sur voie de circulation (route, piste cyclable, voie de bus ou trottoir)v4	1	38
Appel à projets Carsat Normandie Préservation de l'Autonomie et du Lien Social 2024	1	38
HELP « aide aux entreprises en difficulté » Oise - V1	1	38
FIPD 2024 - programme S (Vidéoprotection) - Préfecture de l'Hérault 	1	38
Appel à projets Mise en place du contrat d'engagement jeune - volet Jeunes en rupture Hauts-de-France	1	38
Refinancement 2023 CPO - Programme régional d'accès à la prévention et aux soins (PRAPS) 	1	38
FIPDR 2020 - Prévention de la délinquance et de la radicalisation. 	1	38
ANSM - Déclaration relative à l’activité de courtage de médicaments à usage humain prévue à l'article L.5124-20 du code de la santé publique	1	38
ALT 2023-DDETS 35	1	38
FranceRelance : dématérialiser ou améliorer l'expérience d'une démarche administrative en ligne	1	38
HELP « aide aux entreprises en difficultés » Marne - V1	1	38
Référencement sur la cartographie linguistique des lauréats de l'AAP DRIEETS-IDF/UD75 BOP 104 pour 2023 	1	38
Volet 2 - Appel à projets national Ecophyto – 2020 - 2021	1	38
CPO 2022 du Programme régional d'accès à la prévention et aux soins (PRAPS) 	1	38
PREFECTURE 45 - Demande d’agrément d'auto-école /Renouvellement quinquennal d’agrément	1	38
HELP « aide aux indépendants en difficultés » LOT - v1	1	38
Dépôt des dossiers complets - Appel à projets national Ecophyto volet 1 – 2020 - 2021	1	38
DROME - DEMANDE D’AIDE SOUS FORME D’AVANCE REMBOURSABLE SUITE AUX DOMMAGES AUX RÉCOLTES LIÉS AU GEL DU 4 AU 14 AVRIL 2021	1	38
FIPD 2022 - Prévention de la délinquance : "Vidéo protection" - Préfecture de l'Essonne	1	38
Crise porcine - Finistère - accompagnement des exploitants en difficultés	1	38
Fonds d’urgence Grêle mai-juin 2022 - Yonne - Demande d’une aide d’urgence 	1	38
Dossier de demande de subvention PDASR 2024 - Essonne	1	38
Aide d’urgence de soutien suite au gel 2021	2	38
HELP « aide aux entreprises en difficulté » Aisne - V1	1	37
Dossier de demande de subvention PDASR 2022 - Essonne	1	37
Appels à projets "Sport-Santé" - Conférence des financeurs des Yvelines	1	37
Demande d'autorisation de pêches de sauvegarde ou scientifiques en eau douce en Ille-et-Vilaine	1	37
FIPD 2024 : Axe S - Sécurisation - Préfecture de l'Aube	1	37
ANSM - Dossier de demande d’ouverture d’un établissement pharmaceutique exploitant dans le cas d'un déménagement	1	37
Paiements pour services environnementaux (plan biodiversité) : contrôle externe des PSE	1	37
Contrat triennal 2024-2026 Fonds culture	1	37
Demande de subvention au titre de la Dotation d'Equipement des Territoires Ruraux - DETR Arrondissement de Millau - Exercice 2023	1	37
HELP « aide aux entreprises en difficultés » 04 - V1	1	37
ANSM - Dossier de demande d’ouverture d’un établissement pharmaceutique fabricant/importateur	1	37
Appel à Projets GIEE Occitanie 2024 : Volet Animation 	1	37
HELP « aide aux entreprises en difficultés » Haut-Rhin v240102	1	37
HELP « aide aux entreprises en difficultés » Corse	1	37
DRAJES Taxe d'apprentissage -demande d'inscription sur les listes régionales jusqu'au 14 novembre 2022  	1	37
HELP « aide aux entreprises en difficultés » AUVERGNE HAUTE LOIRE	1	37
DiNA CUMA - Aide au Conseil Stratégique - Appel à projet année 2023	1	37
Demande de subvention - Direction Régionale aux Droits des Femmes et à l'Egalité Normandie au titre de l'année 2023 (POUR LES NOUVEAUX PROJETS UNIQUEMENT FAISANT REFERENCE A AAP)	1	37
Appel à projet PDASR 2024 Charente-Maritime	1	37
DiNA CUMA - Volet Aide au Conseil Stratégique - Bretagne	2	37
Appel à projets départemental (VAL D'OISE) 2024 programme 104 action 12 intégration des étrangers primo-arrivants	1	36
Programme 137 « Egalité entre les femmes et les hommes » Subventions 2024 - VOSGES	1	36
HELP « aide aux entreprises en difficulté » Somme - V1	1	36
Appel à manifestation d’intérêt à destination des entreprises innovantes de l’économie du sport - Pitch lors de "Choose French Sport Sector/Choisir la Filière Sport Française" le 31 juillet 2024	1	36
Déclaration pour l'exercice de l'activité de négoce ou de courtage de déchets _ département 51 uniquement	1	36
93-Demande d'arrêté pour occupation du domaine public par un commerce (AOT) V5	1	36
HELP « aide aux entreprises en difficultés » Côtes d'Armor - V1	1	36
Enquête régionale sur les Clauses Sociales auprès des SIAE dans le cadre ERBM	1	36
Mission Entreprendre dans la Culture - Lisbon international music network (MIL) - Portugal	1	36
Demande de subvention - Appel à projet Emploi et Handicap 2023 - Accompagner les personnes en situation de handicap - Auvergne Rhône-Alpes	1	36
Lutte contre la précarité menstruelle Nouvelle-Aquitaine  – Bilan action 2022	1	36
FRANCE TOURISME INGENIERIE # Appel à Manifestation d'Intérêt "Rénovation des stations de montagne" (2021-2026)	1	36
Plan de relance Ille-et-Vilaine - Mesure 11-B "Jardins partagés ou collectifs"	1	36
DDPP37 / Demande d'exportation de carnivores domestiques	1	36
Aide aux études et travaux en site patrimonial	1	36
Appel à projets FIPD 2023 - Sécurisation des établissements scolaires - Préfecture de la Guadeloupe	1	36
Bilan intermédiaire et reconduction d'une demande d'aide financière 2022 / 2023 "Soutien aux proches aidants"	1	36
HELP « aide aux entreprises en difficultés » Creuse-V1	1	36
Service antivirus mutualisé Somme Numérique	1	36
DDETSPP40 / IAHP / Foyers - Demande d'enlèvement équarrissage	1	36
DAAF 974 / Demande de dérogation - Zones Réglementées Aethina tumida	1	36
Demande d'une mesure de soutien à la trésorerie aux agriculteurs sinistrés par l'épisode de gel en 2022	1	36
FranceRelance : Fonds "Transformation numérique des collectivités territoriales" > Dématérialiser ou améliorer l'expérience d'une démarche administrative en ligne > Reporting Projet 3	2	36
APPEL A PROJETS DEPARTEMENTAL 2024 RELATIF A L'INTEGRATION DES ETRANGERS PRIMO-ARRIVANTS DONT LES BPI (BOP 104 _ACTION 12)	1	35
FranceRelance : Fonds "Transformation numérique des collectivités territoriales" > Dématérialiser ou améliorer l'expérience d'une démarche administrative en ligne > Reporting Projet	1	35
Appel à projets DILCRAH 2022-2023 - département du Nord	1	35
DREETS OCCITANIE - Habilitation régionale au titre de l'aide alimentaire	1	35
FDI - AAP 2021 - Demande de subvention - Projets groupés / de groupe - Présentation du projet global	1	35
AAC 2021 - Mesure 13 - Phase 2 : Formulaire de demande de subvention au titre de l'axe 2.2 – Auvergne-Rhône-Alpes	1	35
HELP « aide aux indépendants en difficultés » HAUTES-PYRENEES - v1	1	35
Application pour l'agrément national des associations d'aide aux victimes	1	35
FIPD 2024 - Prévention de la délinquance : "Vidéo protection" - Préfecture de l'Essonne	1	35
Formulaire de porter à connaissance de pertes de productions agricoles en 2024	1	35
 Appel à projets - Plan Départemental d'Actions de Sécurité Routière - 2024 - Préfecture des Yvelines                                                                        	1	35
Appel à projets - Plan Départemental d'Actions de Sécurité Routière - 2021 - Pyrénées-Orientales	1	35
ARSIF - 2023 - Mesures de sécurisation des organisations et des environnements de travail 	1	35
Dossier de demande de subvention PDASR 2021 - Essonne	1	34
77-Demande de subvention PDASR 2024	1	34
CPO 2022 Autres plans	1	34
DDETSPP16 / IAHP / Demande de LPS 2022	1	34
Aide à la conduite accompagnée - 2023	1	34
CD93 | Appel à projet Seine-Saint-Denis Numerik 2024-25 : Dépot du projet	1	34
DRAJES- Solde de la taxe d'apprentissage 2024 - demande d'habilitation ou de réhabilitation sur la liste régionale annuelle arrêtée par le préfet de la région d'Ile-de-France jusqu'au 14 janvier 2024 inclus	1	34
HELP « aide aux entreprises en difficultés » Corse - V1	1	34
Refinancement 2023 CPO - Enfants, adolescents, jeunes (EAJ)	1	34
Ministère du Travail du Plein emploi et de l'Insertion - Dérogation collective à la durée hebdomadaire minimale de travail - 2023	1	34
94-Demande de permis de stationnement, sur voie de circulation (route, piste cyclable, voie de bus ou trottoir), pour déménagement ou livraison de matériels V3	1	34
Cité éducative d'Oyonnax Bellignat (Appel à projets 2024)	1	34
HELP « aide aux entreprises en difficultés » 84	1	34
Formulaire pour transmission des rapports financier, d'activité ou de gestion, au titre de l'exercice 2023	1	34
Bilan intermédiaire et reconduction d'une demande d'aide financière 2023 "Soutien aux proches aidants"	1	34
Primo-engagement Infirmier de Sapeur-Pompier Volontaire SDIS17	1	34
Fiche spécifique action Programme de Réussite Educative (PRE)  - Programmation 2023 du Contrat de Ville CAPH	1	34
Appel à Manifestation d'Intérêt : Fabriques de territoire	2	34
HELP « aide aux entreprises en difficulté » 86-V1	1	33
Aide d’urgence de soutien - grêle de juin 2022 - Savoie	1	33
CPO2022 du Plan Enfants, Adolescents, Jeunes (EAJ)	1	33
APPEL A PROJETS 2024 : « SPORTS DE NATURE »	1	33
Aménagements pédagogiques en faveur des étudiants en situation de handicap	1	33
AAP 2023 Fonds de lutte contre les addictions - Substances psychoactives et sans substances	1	33
Appel à projets DRACCARE - Edition 2022	1	33
Fonds d'urgence pour accompagner les exploitations en agriculture biologique en difficulté DDT 71	1	33
HOP'EN2 - Candidature à la première phase du programme HOP'EN2	1	33
Soumission d'une demande de Modifications substantielles (Avis CEREES ou CESREES)	1	33
94-Demande d'émission d'un arrêté pour manifestation (sportive, brocante, fête diverse, défilé, film, concert...) sur places existantes ou sur voie de circulation (route, piste cyclable, voie de bus ou trottoir) V5	1	33
DREETS BFC_Appel à projets Parrainage.Marrainage 2024	1	33
DREETS OCCITANIE - Habilitation régionale 2024 au titre de l'aide alimentaire 	1	33
Demande de destruction de nids d'Hirondelle en Normandie	1	33
DDPP56 / Influenza aviaire / Demande de dérogation à la mise en place en zone réglementée 	1	33
HELP « aide aux travailleurs indépendants en difficultés » ARIEGE	1	33
Demande d'aide - Fonds d'urgence en soutien aux agriculteurs sinistrés par les épisodes de grêle en 2022 - Département du Doubs (25)	1	33
Appel à projets DILCRAH LOCAL 2022-2023	1	33
ARS BFC - Appel à candidatures  Expérimentations de téléconsultations assistées en médecine générale   en Bourgogne Franche-Comté	1	33
DiNA CUMA - Demande de paiement pour les dossiers déposés au titre de l'année 2022 - Bretagne	1	33
2021 - Demande de renouvellement au Label « qualité des formations au sein des écoles de conduite et reconnaissance des équivalences à ce label» (Haute-Loire)	1	32
HELP « aide aux entreprises en difficulté » Meurthe et Moselle - V1	1	32
Assurance Retraite Ile-de-France - Appel à projets 2022 "Aide à l'investissement en faveur des résidences autonomie"	1	32
Finances : état récapitulatif détaillé des paiements effectués v3	1	32
PREFECTURE DE L'HERAULT - Demande de subvention FNADT pour le fonctionnement des France services de l'Hérault	1	32
Appel à Projets Drac Draaf 2022-2023	1	32
DEMANDE D'AUTORISATION DE TRANSHUMANCE  2021	1	32
Collectivités - Demande de subvention du Fonds de Prévention des Risques Naturels Majeurs (FPRNM) ou Fonds Barnier - version 2022.01	1	32
Signalement de pertes de fonds suite à un aléa climatique reconnu par la DDT	1	32
Ministère du Travail, du Plein emploi et de l'Insertion - Aide financière relative au contrat passerelle - 2023	1	32
DDPP22/ demande de LPS pour un mouvement de viandes et produits issus d'animaux/ Influenza Aviaire	1	32
Incubateur éphémère - Entreprendre dans la Culture	1	32
APPEL A CANDIDATURES AVRIL 2023 RELATIF A L'ATTRIBUTION DE POSTES DE MEDIATEURS EN CONTRAT D'ADULTES-RELAIS	1	32
Dossier de demande d'aide financière répit parental/familial. - FONCTIONNEMENT	2	32
HELP « aide aux entreprises en difficulté » Landes - V1	1	31
ALT 2024-DDETS 35	1	31
Appel à projets Pacte haie - volet investissement (80)	1	31
Accompagnement à la réalisation des exercices de continuité d'activité pour les ESMS et cabinets médicaux en Occitanie	1	31
Demande de subvention Dotation Politique de la Ville (DPV) - Exercice 2023 - Préfecture des Yvelines	1	31
ANSM - Dossier de demande de changement de titulaire d'une autorisation d'ouverture d'un établissement pharmaceutique (article R. 5124-13 du code de la santé publique)	1	31
Appel à Projets Drac Draaf 2023-2024	1	31
ANSM - Dossier de mise à jour de l'autorisation d'ouverture d'un établissement pharmaceutique suite à changement de titulaire de l'autorisation d'ouverture (article R. 5124-13 du code de la santé publique)	1	31
Appel à Manifestation d'Intérêt : Fabriques de territoire 6	1	31
Appel à projets ARS / conférence des financeurs de la Manche 2023 à destination des résidents en EHPAD	1	31
HELP « aide aux entreprises en difficulté » 79-V1	1	31
Appel à Projets Régional 2023 : Volet 4 : Lutte contre la précarité menstruelle	1	31
Fonds d’aide aux acteurs économiques locaux au titre de la crise COVID-19	1	31
ARS Île-de-France - programme de financement de Réduction des Inégalités Sociales de Santé 2022 - Appel à Propostions d'initiatives	1	31
AAP 2023 "Lien social" - Conférence des financeurs des Yvelines	1	31
Candidature Villages d'Avenir dans le département du Morbihan	1	31
HELP « aide aux entreprises en difficultés » Sarthe - V1	1	30
Agence nationale du Sport - Appel à projets national - Aisance aquatique	1	30
HELP « aide aux travailleurs indépendants en difficultés » AVEYRON - v1	1	30
Appel à projets FEBECS 2022 - Demande de subvention du Fonds d'échanges à but éducatif, culturel et sportif	1	30
Formulaire de réclamation a l'encontre du fonctionnement d'une ou plusieurs installation(s) classée(s) pour l'environnement industrielle(s) ou agricole(s) située(s) dans le département de la Saône-Et-Loire (71)	1	30
Demande de renouvellement d'un dossier DETR ou DSIL non retenu en 2022 - Formulaire commun 2023	1	30
94-Demande d'arrêté pour occupation du domaine public par un commerce (AOT) V5	1	30
FIPD 2021 - Prévention de la délinquance : "Equipements Police Municipale" - Préfecture de l'Essonne	1	30
FranceRelance : Fonds "Transformation numérique des collectivités territoriales" > Appel à projets > Coopération avec mes partenaires et usagers grâce au numérique	1	30
Appel à manifestation d'intérêt pour la labellisation des Points Conseil Budget (PCB) en région Auvergne-Rhône-Alpes	1	30
Recensement des ADS	1	30
Appel à manifestation d'intérêt TNE n°1 : équipement numérique éducatif	1	30
APPEL A CANDIDATURES 2022 RELATIF A L'ATTRIBUTION DE POSTES DE MEDIATEURS EN CONTRAT D'ADULTES-RELAIS	1	30
Mise en œuvre d’un dispositif d’indemnisation exceptionnelle forfaitaire à l’hectare pour les productions locales de fruits et légumes de Martinique (hors banane dessert destinée à l’export ou au marché local).	1	30
Mission Entreprendre dans la Culture à Bruxelles et Amsterdam avec le NUMIX LAB	1	30
Bilan intermédiaire et reconduction d'une demande d'aide financière 2021 "Soutien aux proches aidants"	1	30
HELP « aide aux entreprises en difficulté » Vosges - V1	1	30
Production d'électricité à partir de biomasse	1	30
Liger Bocage 2 - DÉMARCHE COLLECTIVE	1	30
Signalement en rapport avec l'utilisation et/ou la détention de produits phytopharmaceutiques	1	30
ARS Guyane - Appel à projets régional cybersécurité - Phase 1	2	30
Appel à projets CARSAT Normandie SENIORS EN VACANCES	3	30
Appel à projets du Programme Régional pour l'Alimentation (PRAlim) 2024	1	29
Appel à manifestation d’intérêt (AMI) - Investissements destinés à agir sur la réduction des inégalités territoriales de santé	1	29
Fonds Génération Belle Saison (2024)	1	29
Convention entre les réseaux de portage et l'État et aide temporaire aux réseaux de portage	1	29
DETR 2021 - Préfecture de Loir-et-Cher - Arrondissement Blois	1	29
Appel à projet "santé des femmes du bassin minier"	1	29
HELP « aide aux entreprises en difficultés » 04	1	29
SESAME Parcours Emploi Sport Animation Aveyron 2021	1	29
DiNA CUMA - Volet Aide au Conseil Stratégique - 1er AAP Bretagne année 2022	1	29
APPEL A PROJET CULTURE SANTE ET MEDICO-SOCIAL 2023	1	29
Dépôt des pièces  - Subvention de fonctionnement 2022 - Appel à Projet 2021-2022 - Plan de soutien aux associations de luttes contre la pauvreté	1	29
Dispositif d’urgence – Soutien aux exploitations de maraîchage - Inondations	1	28
Gel 2021 - Dispositif d'urgence - Mesure 1 - Dispositif exceptionnel de prise en charge des cotisations sociales	1	28
HELP « aide aux entreprises en difficulté » Lot et Garonne - V1	1	28
Demande de subvention au titre de la DETR et de la DSIL 2024 - Arrondissement de Saint-Paul - La Réunion	1	28
Outiller la médiation numérique - matériel informatique reconditionné (Bourgogne-Franche-Comté)	1	28
DDETSPP40 / Influenza aviaire / Demande de LPS	1	28
AAC Mission de Centre Ressources Territorial (CRT) 	1	28
Aide à la conduite accompagnée - 2023 - Démarche clôturée	1	28
Mission de sensibilisation à l'écriture scénaristique dès le plus jeune âge - Mise en place d’ateliers d’écriture scénaristique et accompagnement du défi « Toi aussi écris ta série »	1	28
Déclaration pour l'exercice de l'activité de transport par route de déchets _ département 17 uniquement	1	28
Refinancement 2023 CPO - santé environnement	1	28
Appel à projets BOP 104 action 15	1	28
Ministère du Travail du Plein emploi et de l'Insertion - Dérogation individuelle à la durée hebdomadaire minimale de travail - 2024	1	28
HELP « aide aux entreprises en difficultés » Allier - V1	1	28
93-Demande d'émission d'un arrêté pour manifestation (sportive, brocante, fête diverse, défilé, film, concert...) sur places existantes ou sur voie de circulation (route, piste cyclable, voie de bus ou trottoir) V5	1	28
APPEL A PROJETS POUR LA PREVENTION ET LA LUTTE CONTRE L'ISOLEMENT SOCIAL DES PERSONNES AGEES DU DEPARTEMENT DE LA GUADELOUPE (APP MONALISA 2024 - 2025)	1	28
93-Demande de permis de stationnement, sur voie de circulation (route, piste cyclable, voie de bus ou trottoir), pour déménagement ou livraison de matériels V5	1	28
Professionnels de l'automobile : demande de modification d'habilitation au SIV suite à une modification d'adresse postale	1	28
Appel à projets régional 2021-Programme 104 action 12 « intégration et accès à la nationalité française » Formation linguistique à destination de jeunes réfugiés en Ile-de-France dans le cadre du Parcours d'Intégration par l'acquisition de la langue (PIAL) et pour les bénéficiaires de la protection internationale non-lecteurs – non-scripteurs (NLNS)	1	28
Points conseil budget (PCB) - Appel à manifestation d'intérêt 2021 - région Ile-de-France	1	28
HELP « aide aux entreprises en difficultés » Ardennes - V1	1	28
Première demande d'aide financière 2023 "Soutien aux proches aidants"	1	28
DDETS Alpes-Maritimes - Appel à candidatures relatif à la lutte contre la précarité alimentaire 2023	1	28
Consultation publique - Décarbonation de l'industrie	1	27
Demande de subvention France services 2024 - Côtes d'Armor	1	27
Ministère du Travail du Plein emploi et de l'Insertion - Dérogation aux 480 heures en association intermédiaire - 2024	1	27
Appel à projets départemental 2024 - Politique d’intégration des étrangers primo-arrivants en Isère -  BOP 104 	1	27
APPEL A PROJET CULTURE ET SOLIDARITÉ 2020	1	27
Appel à manifestation d’intérêt pour la mise en œuvre d’actions de prévention par un opérateur de proximité en Haute-Marne 2021	1	27
Appel à candidature pour la création de 22 Pôles d'Activités et de Soins Adaptés (PASA) en Hauts-de-France	1	27
DRAC Taxe d'apprentissage -  demande d'inscription ou de réinscription sur les listes régionales jusqu'au 14 novembre 2022	1	27
CPO 2022 Santé Environnement	1	27
APPEL A PROJETS SOUTIEN DE L'ECONOMIE SOCIALE ET SOLIDAIRE EN GUYANE	1	27
Rapport d'activités 2023 - AMI JOP	1	27
Demande de paiement de la subvention de l'aide à l'Animation Biologique Occitanie, année 2023	1	27
Plan "Meilleure réussite scolaire" Projets de collèges 2023-2024	2	27
 DiNA CUMA - Aide au Conseil Stratégique Appel à Projets 2023 en Hauts-de-France	1	27
PREFECTURE DE LA GUADELOUPE / SECURITE ROUTIERE - Appel à projets 2023	1	27
Appel à projets FEBECS 2023 - Demande de subvention du Fonds d'échanges à but éducatif, culturel et sportif	1	27
Mission Entreprendre dans la Culture en Italie à l'occasion de Venise XR	1	27
Demande de subvention 2024 	1	27
Ministère du Travail du Plein emploi et de l'Insertion - Dérogation collective à la durée hebdomadaire minimale de travail - 2024	1	26
Appel à projets 2021 "Repérer et mobiliser les publics invisibles et en priorité les plus jeunes d'entre eux" 	1	26
 Appel à projets sécurité routière 2024 de la préfecture de la Guadeloupe	1	26
CERFA N°12156*05 (Subvention association) - Guyane 973	1	26
Appel à projets : Micro-folies Grand Est	1	26
DEMANDE D'AUTORISATION INDIVIDUELLE DE PROLONGATION DE CHASSE DU SANGLIER pour la période du 1er avril 2024 au 31 mai 2024 en SARTHE	1	26
Aide au conseil stratégique DINA CUMA - Appel à projet 2024 - DRAAF Normandie	1	26
Fiche spécifique action Programme de Réussite Educative (PRE)  - Programmation 2024 du Contrat Quartiers CAPH	1	26
ARSIF -Mesures de sécurisation des organisations et des environnements de travail  	1	26
DESTINATION FRANCE 2023 appel à projets pour les Hauts de France	1	26
stratégie de lutte contre la pauvreté - Pays de la Loire  - demande de renouvellement de subvention 2022	1	26
HELP « aide aux entreprises en difficulté » 16-V1	1	26
Rapport d'activités 2022 - AMI JOP	1	26
Appel à projets FIPD 2022 - Sécurisation des établissements scolaires - Préfecture de la Guadeloupe	1	26
Demande d'aide - fonds d'urgence - gel - agriculture - Haute-Saône	1	26
DDETSPP65 / demande LPS pour un mouvement de viandes et produits issus d'animaux provenant de ZONE DE PROTECTION vis-à-vis de l'Influenza aviaire	1	26
Signalement de pertes de récoltes suite à un aléa pour des cultures non couvertes par un contrat multirisques agricoles pour la campagne en cours.	1	26
DOSSIER DE DEMANDE DE FINANCEMENT FORMATION INFIRMIER DE PRATIQUE AVANCEE Infirmier(s) salarié(s) d’une structure ambulatoire, médico-sociale ou sanitaire cotisant à un OPCO/OPCA	2	26
Ministère du Travail du Plein emploi et de l'Insertion - Dérogation individuelle à la durée hebdomadaire minimale de travail - 2023	1	25
Appel à projets DILCRAH LOCAL 2021-2022	1	25
 Aide de crise viticole 2024  - Fonds d'urgence -  Département de l'Aveyron	1	25
Appels à projets 2022-2023 CFPPA de la Guadeloupe - Développement d’autres actions collectives de prévention en direction des personnes âgées en perte d’autonomie vivant à domicile et hébergées dans les EHPAD du Département  de la Guadeloupe	1	25
Accompagnement des établissements de l’enseignement supérieur Culture (ESC) dans la mise en œuvre de l’apprentissage	1	25
Agrément pour la distribution, l’application et le conseil à l’utilisation des produits phytopharmaceutiques	1	25
ARS Île-de-France - programme de financement de Réduction des Inégalités Sociales de Santé 2021 - Appel à Projet pour financement d’actions structurelles	1	25
ANSM - Dossier de demande d'extension de l'autorisation d’un établissement pharmaceutique à l'activité de fabricant/importateur (article R.5124-9-1 du code de la santé publique)	1	25
ANSM - Dossier de demande d'extension de l'autorisation d’un établissement pharmaceutique à l'activité de distributeur (article R.5124-9-1 du code de la santé publique)	1	25
Appel à projets 2024 - Programme Mieux Manger Pour Tous - Mayotte	1	25
Appel à projets Contrat d'engagement jeune - volet Jeunes en rupture	1	25
AMI Régional IAE 2020 IDF Nouveau Projet	1	25
Evaluation Postes FONJEP 2023 - SDJES - Vienne	1	25
Demande d'indemnisation au titre du refus de concours de la force publique - bailleur social	1	25
HELP « aide aux entreprises en difficultés » 05 - V1	1	25
Conférence des financeurs : Demande de reconduction 2020 - A3-A6	1	25
AAP 2023 "Prévention des chutes"- Conférence des financeurs des Yvelines	1	25
HELP « aide aux entreprises en difficultés » Orne	1	25
Appel à projets 2021 sur l’accompagnement et le soutien scolaire des enfants et des jeunes confiés aux services départementaux de l’aide sociale à l’enfance	1	25
Enquête "Pertes récolte - Gel d'avril 2022" - Tarn	1	25
92-Demande d'émission d'un arrêté pour manifestation (sportive, brocante, fête diverse, défilé, film, concert...) sur places existantes ou sur voie de circulation (route, piste cyclable, voie de bus ou trottoir) V5	1	25
Puy-de-Dôme - Société Numérique - demande de financement de matériel et de mobilier "inclusion numérique" - ANCT/ Plan de Relance	1	25
FranceRelance : Fonds "Transformation numérique des collectivités territoriales" > Dématérialiser ou améliorer l'expérience d'une démarche administrative en ligne > Reporting Projet 5	1	25
Appel à Manifestation d'Intérêt - la santé numérique au service de la chirurgie et du "patient connecté"	1	25
FranceRelance : Fonds "Transformation numérique des collectivités territoriales" > Développer l’utilisation de la donnée dans votre territoire > Reporting Projet 4	2	25
Appel à projets PIC DREETS Hauts-de-France vague 3 "Repérer et mobiliser les publics dits invisibles et en priorité les plus jeunes d'entre eux"	1	24
Préfecture 93 - habilitation au SIV des professionnels de l'automobile	1	24
Demande de subvention au titre de la DETR et de la DSIL 2024 - Arrondissement de Saint-Benoît - La Réunion	1	24
FIPD-R 2022 : Axe D (prévention de la délinquance) - Préfecture de l'Aube	1	24
Mission Entreprendre dans la Culture aux Francofolies de la Rochelle	1	24
AAC 2021 - Mesure 13 - Phase 1 : Candidature globale portée par le pilote de PAT - Auvergne-Rhône-Alpes	1	24
ARS Île-de-France - Evaluation annuelle des programmes ETP 2023 (activité 2022)	1	24
Appel à projets - Moi(s) Sans Tabac 2023	1	24
Reconduction Subvention Conférence des financeurs de la prévention de la perte d'autonomie des Yvelines	1	24
HELP « aide aux entreprises en difficultés » Aube - V1	1	24
Appel à projet régional Nouvelle-Aquitaine: mise en place du contrat d'engagement jeune - volet Jeunes en rupture	1	24
Dépôt des dossiers complets - Appel à projets national Ecophyto 2020 - 2021 - Volet 2	1	24
Appel à projets BIODIV'ECO 2022 - Océan Indien	1	24
Demande de subvention 2023 - Santé Environnement 	1	24
Appel à Projet PAEC 2024	1	24
DIRECCTE Occitanie - Appel à projets "Repérer et mobiliser les publics invisibles et en priorité les plus jeunes d'entre eux"	1	23
DiNA CUMA - Volet Aide au Conseil Stratégique - Bretagne - 1er AAP 2021	1	23
Financement du dispositif de téléassistance - Hauts-de-Seine - 2024	1	23
FIPD 2024 - Programme D - Prévention de la délinquance - Préfecture des Pyrénées-Orientales	1	23
Aide alimentaire 2024 - DDETS des Yvelines	1	23
Programme 157 « Handicap et dépendance  » Subventions 2022	1	23
Appel à projets investissements Pays de la Loire Bocage (État et Région)	1	23
Demande de paiement de la subvention de l'aide à l'Animation Biologique Occitanie, année 2022	1	23
Réponse à l'appel à projets Parrainage 2024	1	23
ARA "Repérer et mobiliser les publics invisibles et en priorité les plus jeunes d'entre eux"  Vague 2021	1	23
2023 - Demande de subvention au titre du dispositif France services 35	1	23
Demande d'agrément d'une association au titre de la protection de l'environnement - 75 Paris	1	23
DiNA CUMA - Aide au Conseil Stratégique - Appel à projet année 2024 - Bretagne	1	23
Appel à projets 2021  Jardins partagés et collectifs  - Rhône	1	23
DSIL 2022 - préfecture de Loir-et-Cher	1	23
APPEL A PROJETS 2024 : « Le sport comme outil de prévention de la violence »	1	23
Modification d’un programme d’éducation thérapeutique du patient auprès de l’ARS ARA  AVANT LE 01/01/2021	1	23
SAVOIE - Fonds d'urgence bio	1	23
Consultation flash "Développement d'une offre de rétrofit automobile sûre, performante et accessible en faveur des véhicules électriques"	1	23
Appel à Manifestation d'Intérêt : Utilisation des données CarHab	1	23
Centre-Val de Loire - Appel à projets "Repérer et mobiliser les publics invisibles et en priorité les plus jeunes d'entre eux"	2	23
FIPD-R 2020 : Axe D (prévention de la délinquance) - Préfecture de l'Aube	2	23
DOSSIER DE DEMANDE DE SUBVENTION -AIDE AUX SPORTIFS TITRES DU TERRITOIRE DE LA CAPH 2024	1	22
ACV 2 Hauts de France: comité régional des financeurs	1	22
Programme 157 « Handicap et dépendance  » Subventions 2021	1	22
Appel à Projets Drac Draaf 2022	1	22
Déclaration des modifications intervenues au sein des entreprises agréées pour l’exercice des activités de distribution, d’application et de conseils de produits phytopharmaceutiques	1	22
HELP « aide aux entreprises en difficulté » IdF département 77 - dossiers avant le 19/10/2022	1	22
AAP Prévention Cancer Martinique 2021	1	22
Appel à projets 2021 - Jardins partagés et collectifs - Paris (75)	1	22
Appel à manifestation d’intérêt pour la mise en œuvre d’actions de prévention par les operateurs de proximité en Haute-Marne 2024	1	22
AAP 2023 "Prévention des chutes" - Conférence des financeurs des Hauts-de-Seine	1	22
Subventions pour la participation aux travaux du Conseil national de lutte contre la pauvreté et l’exclusion (CNLE) 2023	1	22
Offre de repérage et de remobilisation (Article 7 de la LOI n° 2023-1196 du 18 décembre 2023 pour le plein emploi)	1	22
Fiche de pré-cadrage de projet d’énergie renouvelable photovoltaïque	1	22
93-Demande de permis de stationnement, sur places existantes, pour déménagement (ou livraison de matériels) V3	1	22
FATEA 2023 - DOSSIER DE DEMANDE DE SUBVENTION - Priorité 2 : EATT	1	22
Dossier de demande de subvention | Exercice 2025	1	22
DDTM76  - Fonds Barnier - COLLECTIVITES	1	22
Demande de subvention 2020 - Piloter l'activité CitésLab sur son territoire	1	22
Demande de capture avec relâcher immédiat sur place de spécimens d'amphibiens, reptiles, odonates et lépidoptères d'espèces protégées en Nouvelle-Aquitaine	1	22
92-Demande de permis de stationnement, sur voie de circulation (route, piste cyclable, voie de bus ou trottoir), pour déménagement ou livraison de matériels v3	1	22
Ministère du Travail, du Plein emploi et de l'Insertion - Aide financière relative au contrat passerelle - 2024	1	22
77-Demande de subvention PDASR 2023	1	22
Demande de subvention 2023 - FEPPE	1	22
DRAJES Mayotte-Appel à projets FONJEP 2023 ( "politique de la ville", "jeunesse"," jeune" et "FONJEP cofinancement du conseil départemental"	1	22
DRAC -Solde de la taxe d'apprentissage 2024- demande d'habilitation ou de réhabilitation sur la liste régionale annuelle arrêtée par le Préfet de la région d'Ile-de-France jusqu'au 14 janvier 2024 inclus	1	22
MILDECA 2024 - DDETS Préfecture de l'Essonne	2	22
DREETS ARA - Soutien aux actions partenariales en matière  de  santé au travail  et  de développement du dialogue social et de la négociation collective en Auvergne-Rhône-Alpes	2	22
Demande d'agrément d'une association complémentaire de l'enseignement public (2024)	1	21
Formation des volontaires Cinéma et Citoyenneté 2023	1	21
ARS Île-de-France - Plan d'actions COVID Stop Ensemble 2022	1	21
Renouvellement d'agrément phytopharmaceutique sans modification	1	21
Appel à projets CARSAT Normandie SENIORS EN VACANCES 2024	1	21
Plan d'organisation de surveillance et de secours des établissements de baignade d'accès payant.(P.O.S.S.). Demande de dérogation BNSSA - 2022	1	21
APPEL A PROJETS 2024 : Fête populaire JOP 2024  « Faites vos Jeux :  Faire vivre les Jeux olympiques et paralympiques 2024 à Mayotte »	1	21
Appel à projets FRAFU 2024 - DEALM Mayotte	1	21
Aide temporaire aux réseaux de portage (2024)	1	21
Appel à projets Pacte haie - volet investissement	1	21
DiNA CUMA Bourgogne Franche Comté - Aide au Conseil Stratégique - Appel à projet année 2024	1	21
Fonds d'urgence en soutien aux agriculteurs sinistrés par les épisodes de grêle en 2022 en Côte d'Or	1	21
Projets d'énergie renouvelable - Phase amont de l'instruction des dossiers d'autorisation environnementale - 35	1	21
Demande de subvention "Massif des Vosges" - investissement - année 2023	1	21
Demande de subvention 2023 - Population Générale	1	21
Label Point d'Accueil Pass Numérique Ardèche	1	21
FIPD-R 2021 : Axe D (prévention de la délinquance) - Préfecture de l'Aube	1	21
Dossier de candidature - prescripteurs Colos apprenantes 2021	1	21
FIPD 2022 - Prévention de la délinquance : "Equipement des polices municipales" - Préfecture de l'Essonne	1	21
Conférence des financeurs : Demande de reconduction pour les porteurs bénéficiant d'une convention annuelle : Axes 3 et 5	1	21
public bug bounty 2	1	21
Outiller la médiation numérique Bretagne : matériel informatique reconditionné	1	21
Fonds d'urgence grêle été 2022 - Territoire de Belfort	1	21
AAP PUBLIC SENIOR 2023	1	21
Appel à Projets Régional 2023 : Volet 2 : Formation des professionnels de la petite enfance en Occitanie 	1	21
FranceRelance : Fonds "Transformation numérique des collectivités territoriales" > Développer l’utilisation de la donnée dans votre territoire > Reporting Projet 5	2	21
[Qualif] BAF Modification d'une fondation d'entreprise (national)	2	21
Mesure 13 Volet B - Amplification des PAT en Île-de-France	1	20
CPAM 92 - Enregistrement au FNPS des professionnels intervenant dans le cadre du dispositif PCO TND	1	20
Demande d'agrément ou de renouvellement d'agrément pour les stages d'adaptation des audioprothésistes prescrits par la Commission Régionale d'Autorisation d'Exercice DREETS	1	20
FranceRelance : Fonds "Tranformation numérique des collectivités territoriales" > Appel à projets > Développer la coopération avec mes partenaires et usagers grâce au numérique	1	20
Appel à projets ARS / conférence des financeurs de la Manche 2024 à destination des résidents en EHPAD	1	20
Agrément des agents désignés par les organismes de défense professionnelle ou de gestion collective - L.331-2 et R.331-1 du code de la propriété intellectuelle	1	20
Bretagne - Appel à Projets FNAVDL 2024	1	20
Appel à projets - Moi(s) Sans Tabac 2022	1	20
Demande de subvention 2023 - Accueil d'enfants porteurs de handicap -  Caf de la Haute-Vienne	1	20
Appel à Manifestation d'Intérêt (AMI) "Élaboration d’un PAEC 2024-2025" - Dépôt 2023	1	20
FIPDR 2021 - Programme R - Préfecture du département de la Seine-Maritme	1	20
APPEL A CANDIDATURE 2023 - Procédure d'agrément des mandataires judiciaires à la protection des majeurs exerçant à titre individuel Département de Saône-et-Loire	1	20
Demande d'agrément d'une association au titre de la protection de l'environnement	1	20
FIPD 2023 - Sécurisation - Equipement des polices municipales - Préfecture de l'Essonne	1	20
Appel à projets 2023 "Intégration et accès à la nationalité française"  - AXE 2  	1	20
94-Demande d'émission d'un arrêté pour manifestation (sportive, brocante, fête diverse, défilé, film, concert...) sur places existantes ou sur voie de circulation (route, piste cyclable, voie de bus ou trottoir)	2	20
Appel à manifestation d’intérêt "Tous concernés par l'eau de l'Ain"	1	20
ETIncelles | Candidature spontanée	1	20
Mois sans tabac 2022 : saisie d'un projet pour les promoteurs de l'Assurance maladie	1	20
DEMANDE DE PRELEVEMENT SUPERFICIEL  D'EAU ANNUELLE 2024 AUTRES BASSINS VERSANTS	1	20
DiNA CUMA - Demande de paiement - Bretagne	1	20
Appel à projets 2024 pour la reconnaissance et le financement de l'animation en tant que groupement d'intérêt économique et environnemental (GIEE) - Pays de la Loire	1	20
Plan de relance Ille-et-Vilaine - Mesure 12-B "Alimentation locale et solidaire"	1	20
CPO 2022 du Plan Population générale (Pop-G)	1	20
Professionnels de l'Automobile - Complément dépôt des dossiers demandés	1	20
Demande de dérogation à la pesée au débarquement des produits de la pêche maritime - Navires professionnels immatriculés en Loire-Atlantique	1	20
Formulaire de réclamation a l'encontre du fonctionnement d'une ou plusieurs installation(s) classée(s) pour l'environnement industrielle(s) ou agricole(s) située(s) dans le département de la Nièvre (58)	1	20
Mois sans tabac 2022 : saisie d'une action pour les promoteurs de l'Assurance maladie	1	20
APPEL A PROJETS POUR LA PREVENTION ET LA LUTTE CONTRE L'ISOLEMENT SOCIAL DES PERSONNES AGEES DU DEPARTEMENT DE LA GUADELOUPE (APP MONALISA 2022 - 2023)	1	20
AAP 2023 Prévention des addictions	1	20
Conférence des financeurs de la prévention de la perte d'autonomie des Hauts-de-Seine - 2nde vague Appel à projets 2022 - Axe 6 " Autres Actions de Prévention "	1	20
LBC Bâtiment – Valorisation du stockage carbone longue durée 	1	20
Demande de dérogation à la limitation ou à l'interdiction provisoire des prélèvements et des usages de l'eau en période de sécheresse dans le département de Maine-et-Loire	1	20
Appel à projets France 2030 - Démonstrateurs d’IA frugale au service de la transition écologique dans les territoires	1	20
FranceRelance : Fonds "Transformation numérique des collectivités territoriales" > Dématérialiser ou améliorer l'expérience d'une démarche administrative en ligne > Reporting Projet 4	2	20
Demande de partenariat avec le portail appelsprojetsrecherche.fr	1	19
MILDECA 2024 -  Mission interministérielle de lutte contre les drogues et les conduites addictives – Préfecture de l'Aube	1	19
Indemnisation des élevages de poules pondeuses - Influenza aviaire H5N8 2020-2021	1	19
Programme 157 « Handicap et dépendance » Subventions 2024	1	19
DUI (dossier unique d'instruction) IAE 973	1	19
DiNA CUMA - Demande de paiement pour les dossiers déposés au titre du 1er AAP 2021 - Bretagne	1	19
DSIL - Exercice 2023	1	19
FIPD 2021 - Prévention de la délinquance : "Sécurisation des établissements scolaires" - Préfecture de l'Essonne	1	19
Financement de l’émergence d’un groupement d'intérêt économique et environnemental	1	19
Appel à projets 2021 - Jardins partagés et collectifs - Seine-Saint-Denis (93)	1	19
Appel à projets Hauts-de-France 2021 « Collectifs en transition agro-écologique » - Volet reconnaissance et financement d'un GIEE	1	19
Plan d'organisation de surveillance et de secours des établissements de baignade d'accès payant.(P.O.S.S.). 2024	1	19
Programme 304 action 13 « Ingénierie, outils de la gouvernance et expérimentations »  Subventions 2023	1	19
Direccte Bretagne-Appel à projets "Repérer et mobiliser les publics invisibles et en priorité les plus jeunes d'entre eux"	1	19
Épisode de grêle 2022 - Fonds d’urgence en vue de soutenir les exploitations agricoles touchées et en difficulté	1	19
94-Demande de permis de stationnement pour mise en place d'un échafaudage, sur places existantes ou sur voie de circulation (route, piste cyclable, voie de bus ou trottoir) V3	1	19
HELP « aide aux travailleurs indépendants en difficultés » GERS - v1	1	19
Appel à projets Mise en place du Contrat d’engagement jeune – volet Jeunes en rupture Vague 2	1	19
Appel à projets Mise en place du contrat d'engagement jeune - volet Jeunes en rupture Hauts-de-France (Vague 2)	1	19
Saône-et-Loire - Plan de relance - appel à projet jardins partagés	1	19
Appel à projets 2021 - Jardins partagés et collectifs - Hauts-de-Seine (92)	1	19
FNADT - Exercice 2024	1	19
Fonds d'urgence en soutien aux agriculteurs sinistrés par les épisodes de gel en 2022 en Côte d'Or	1	19
Ville d'Annecy - Répondre à l'appel à projets Transitions pour les associations - Edition 2022	1	19
Refinancement 2023 CPO - Population Générale (POP G)	1	19
Auvergne-Rhône-Alpes Appel à Projets Plan d'Investissement dans les Compétences (PIC) Axe 3 Accompagner les seniors vers l'emploi	1	19
Auvergne-Rhône-Alpes Appel à Projets Plan d'Investissement dans les Compétences (PIC) Axe 3 Compétences comportementales	1	19
Candidature Villages d'Avenir dans le département de l'Oise	1	19
 Appel à projets-1000 premiers jours/ Formation Professionnelle Petite Enfance – Bilan actions 2022	1	18
2024 - Demande de subvention au titre du programme France services 35	1	18
AAP-MILDECA-2024 - Préfecture de la région Guadeloupe	1	18
MILDECA 2022	1	18
AITA - Aide pour le Suivi du Nouvel Exploitant (SNE) 2022 - AAP 1	1	18
PDASR 2022- Préfecture 04 - Actions de sécurité routière 	1	18
FIPD 2024 - Appel à projet Programme S (Sécurisation des établissements scolaires) Préfecture de l'Hérault - 	1	18
Appel à projet handicap - Département de la Manche - 2022	1	18
Fonds Génération Belle Saison (2023)	1	18
HELP « aide aux travailleurs indépendants en difficultés » TARN-ET-GARONNE- v1	1	18
Appel à projets sur la politique du Handicap 2024 - PRITH - DREETS PACA	1	18
DIRECCTE Pays de la Loire - Appel à projets "Repérer et mobiliser les publics invisibles et en priorité les plus jeunes d'entre eux"	1	18
Ile de France -Appel à projets "nouvelles entreprises adaptées 2019" en Ile-de-France	1	18
Déclaration de spectacle pyrotechnique (terreste et nautique) dans le Maine-et-Loire	1	18
Demande de subvention au titre de la DETR 2024	1	18
Dotation de la Politique de la Ville Sarthe- Année 2024	1	18
Demande de subvention ARS PACA - Veille et Sécurité Sanitaire (VSS)	1	18
Demande d'agrément pour un centre de contrôle technique VL - Val-d'Oise	1	18
PREFECTURE DE LA LOZERE / SECURITE ROUTIERE - Demande de subvention - Appel à projet PDASR au titre de l'année 2024	1	18
HELP « aide aux entreprises en difficultés » HERAULT	1	18
Département de la Sarthe : Demande de cumul RSA et travail en établissement social et médico-social	1	18
HELP « aide aux entreprises en difficultés » Mayenne - V1	1	18
PACTE HAIES 2024 Île-de-France : Aides aux investissements en faveur des haies et des alignements d'arbres intra-parcellaires 	1	18
Déclaration d'interventions sur les haies et bosquets - examen préalable à la dérogation à la protection des espèces et à la réglementation PAC	1	18
Demande de renouvellement d'agrément d'un établissement d’enseignement de la conduite et de la sécurité routière - Département de la Meuse	1	18
Formulaire de réclamation a l'encontre du fonctionnement d'une ou plusieurs installation(s) classée(s) pour l'environnement industrielle(s) ou agricole(s) située(s) dans le département de l'Yonne (89)	1	18
AAP Micro-Folie PACA	1	18
Déclarer un début et/ou une fin de contrat de travail ou location-gérance des professionnels de taxis	1	18
AAP Augmentation du nombre de facilitateurs et coordinateurs sur le territoire national _ volet social	1	18
Aide au permis de conduire 2023 - Démarche clôturée	1	18
FranceRelance : Fonds "Transformation numérique des collectivités territoriales" > Développer la coopération avec mes partenaires et usagers grâce au numérique > Reporting Projet	2	18
AAP 2024 Fonds de lutte contre les addictions sans substance	1	17
ARS Île-de-France - Appel à Projets : Dispositifs dédiés à la prise en charge des femmes victimes de violences	1	17
DREETS PACA : Organismes agréés VAO	1	17
Appel à Manifestation d'Intérêt (Exercice 2022) - Conférence des Financeurs du Puy-de-Dôme -  Actions d'accompagnement des proches aidants. 	1	17
Appel à manifestation d’intérêt – Déploiement de la démarche ICAPS en Bretagne 2024	1	17
Formulaire pour créer votre compte professionnel et obtenir votre Pass déchèterie 	1	17
DOSSIER DE DEMANDE DE SUBVENTION -AIDE A LA FORMATION DES CADRES SPORTIFS DU TERRITOIRE DE LA CAPH 2023	1	17
Département de la Nièvre - Appel à projets Economie Sociale et Solidaire 2023	1	17
93-Demande de permis de stationnement pour mise en place d'un échafaudage, sur places existantes ou sur voie de circulation (route, piste cyclable, voie de bus ou trottoir)V3	1	17
Préfecture 43 - Demande d'habilitation et/ou d'agrément au Système d'Immatriculation des Véhicules (SIV) des professionnels de l'automobile	1	17
2021 - Demande d'adhésion au Label « qualité des formations au sein des écoles de conduite et reconnaissance des équivalences à ce label» (Haute-Loire)	1	17
Aide au permis de conduire 2024	1	17
Circulation des petits trains touristiques sur le département des Bouches-du-Rhône, hors Marseille	1	17
Demande d'Autorisation d'Occupation Temporaire (AOT) du Domaine Public Maritime pour MOUILLAGE dans l'EST-VAR	1	17
Appel à projets jeunes aidants	1	17
 DiNA CUMA - Aide au Conseil Stratégique Appel à Projets 2024 en Hauts-de-France	1	17
Demande de subvention 2023 - addictions "renouvellement"	1	17
Bretagne -1000 premiers jours de l'enfant - Démarche d'évaluation des actions financées en 2021 et 2022	1	17
AAP France 2030 régionalisé Auvergne-Rhône-Alpes - Ingénierie de formation professionnelle	1	17
Déclaration Mérule	1	17
AITA - Aide pour le Diagnostic d'exploitation à céder (DEC) 2022 - AAP 1	1	17
Programme 304 action 13 « Ingénierie, outils de la gouvernance et expérimentations »  Subventions 2022	1	17
Demande de subvention DSIL classique pour 2022 - Arrondissement de Saint-Paul - La Réunion	1	17
Adaptations individuelles aux mesures de suspension temporaire des usages de l'eau du département de la Loire (art. R.211-66 du Code de l'environnement)	1	17
Ministère du Travail du Plein emploi et de l'Insertion - Dérogation à la durée hebdomadaire minimale de travail en cas de cumul de contrats - 2022	1	17
AMI "Solutions de lutte contre l’illectronisme et l’illettrisme"	1	17
Demande d'autorisation préfectorale individuelle de dérogation aux interdictions de destruction des oiseaux de l’espèce grand cormoran (phalacrocorax carbo sinensis) dans le département de la Loire pour la période 2022-2025	1	17
DDETSPP79 / IAHP / Acompte indemnisation 2022-2023	1	17
Refinancement 2023 CPO - Femmes enceintes, petite enfance et parentalité (FEPPE)	1	17
DREETS BFC - Appel à projets Contrat d'Engagement Jeune - Jeunes en rupture VAGUE 2	1	17
AAP_Semaine-Européenne-Vaccination_2023	1	17
Appel à Projets (AAP) "Élaboration d’un PAEC 2024-2025" - Dépôt 2023	1	17
DDPP49 / Influenza aviaire / Demande de LPS	2	17
CPO 2022 du Plan Femmes Enceintes Parents Petite Enfance (FEPPE)	1	16
Demande de subvention DSIL classique pour 2022 - Arrondissement de Saint-Pierre - La Réunion	1	16
Appel à manifestation d’intérêt pour la mise en œuvre d’actions de prévention par un opérateur de proximité en Haute-Marne 2022	1	16
93-Demande d'émission d'un arrêté pour manifestation (sportive, brocante, fête diverse, défilé, film, concert...) sur places existantes ou sur voie de circulation (route, piste cyclable, voie de bus ou trottoir) V3	1	16
LBC Rénovation	1	16
MILDECA 2024	1	16
Professionnels de l'automobile : modification d'habilitation et/ou d'agrément SIV	1	16
Inscription au Forum de rencontres des candidats à l'Appel à projet Smart Citizen de la Solideo	1	16
Compte-rendu financier de subvention - Aides à la presse	1	16
Aide au permis de conduire 2023	1	16
Appel à projets 2022 - Déploiement des Micro-Folies en Ile-de-France	1	16
AITA - Aide pour le Diagnostic d'exploitation à céder (DEC) 2022 - AAP 3	1	16
Appel à projets "Capitale French Tech"	1	16
Applications et dispositifs numériques innovants (ADNI) - DRAC Hauts-de-France (2024)	1	16
Doubs - Plan de relance - appel à projets alimentation locale et solidaire	1	16
Appel à Projet 2021 Promotion d’actions en faveur de l'Egalité Economique entre les Femmes et les Hommes	1	16
Aisne (02) - Déplacement des prairies permanentes en Région Hauts-de-France	1	16
Enquête préparation du Plan Canicule 2024	1	16
Financement de la rénovation urbaine des cités minières 	1	16
Appel à projets 2021  Jardins partagés et collectifs 	1	16
MILDECA 2022 -  Mission interministérielle de lutte contre les drogues et les conduites addictives – Préfecture de l'Aube	1	16
DiNA CUMA - Demande de paiement 2ème AAP 2019 - Bretagne	1	16
Demande d'agrément d'Etablissement d’Enseignement de la Conduite Automobile et de la Sécurité Routière à titre onéreux (EECA)  / 'CRÉATION' ou 'RENOUVELLEMENT'	1	16
Programme 304 action 14 « Aide alimentaire  » Subventions 2024	1	16
Appel à projet "Groupes 30 000 Ecophyto" 2022 Occitanie	1	16
Suivi annuel d'une association agréée au titre de la protection de l'environnement - 75 Paris	1	16
Appel à projets 2023 "Groupes 30 000 Ecophyto" Occitanie	1	16
Aide aux échanges "Jeunesse européenne"	1	16
Aide d’urgence suite au gel 2021	1	16
HABILITATION CCF V4 nov2021 / Région académique Provence-Alpes-Côte d'Azur	1	16
DEMANDE D'AUTORISATION INDIVIDUELLE DE CHASSE ANTICIPÉE DU SANGLIER pour la période du 1er juin 2022 au 14 août 2022 en Sarthe	1	16
DEMANDE DE PRELEVEMENT D'EAU SUPERFICIELLE ANNUELLE 2024 BASSIN DU FOUZON	1	16
Appel à projets Micro-Folies Nouvelle-Aquitaine 2021-22 	1	16
Demande d'autorisation d'utilisation de sous-produits animaux pour le nourrissage d'animaux (art. 18 régl. 1069/2009)	1	16
Appels à projets 2022-2023 CFPPA de la Guadeloupe - Amélioration de l'accès aux équipements et aux aides techniques individuelles à destination des personnes âgées de 60 ans et plus dans le Département de la Guadeloupe	1	16
DESTINATION FRANCE appel à projets pour la Région Auvergne Rhône-Alpes	1	16
Candidature Villages d'Avenir 	1	16
DDETS Drôme - Demande de subvention "aide alimentaire 2024"	2	16
DiNA CUMA - Demande de paiement 1er AAP 2020 - Bretagne	2	16
Demande de subvention Dotation Politique de la Ville (DPV) - Exercice 2024 - Seine-Maritime	1	15
[DREETS PACA] Appel à projets régional 2024 Mutations économiques	1	15
APPEL A PROJETS 2024-2025 PROGRAMME DE REINSTALLATION DES REFUGIES - DREETS Occitanie	1	15
HELP « aide aux entreprises en difficultés » LOZERE	1	15
Financement du dispositif de téléalarme - Hauts-de-Seine	1	15
Gestion des versements	1	15
Appel à manifestation d’intérêt pour la mise en œuvre d’actions de prévention en  EHPAD en Haute-Marne 2024	1	15
Candidature pour la session nationale de l'IHEDN	1	15
Appel à Projets GIEE 2021 en Bretagne : Reconnaissance en tant que GIEE et soutien à l'animation	1	15
Aide à la conduite accompagnée - 2024	1	15
Appel à manifestation d’intérêt pour la mise en œuvre d’actions de prévention en  EHPAD en Haute-Marne 2022	1	15
Dossier de demande de subvention PDASR 2022 du GARD	1	15
Dossier de demande d'aide au démarrage MSP - IDF	1	15
APPEL À MANIFESTATION D’INTÉRÊT POUR L’ACCOMPAGNEMENT DES MAISONS SPORT SANTE HABILITEES	1	15
DiNA CUMA - Volet Aide au Conseil Stratégique - Bretagne - 2ème AAP 2021	1	15
Appel à Manifestation d'Intérêt (Exercice 2024) - Conférence des Financeurs du Puy-de-Dôme -  Actions d'accompagnement des proches aidants de personnes âgées de 60 ans et plus, en perte d'autonomie.	1	15
Demande de dérogation à la protection des espèces : RANACULTURE - campagne 2025	1	15
France relance dans le Var	1	15
HELP « aide aux entreprises en difficultés » AUVERGNE CANTAL	1	15
FONDS MODERNISATION EAJE    -    Dossier de demande d'aide financière 2020 - Investissement / Equipement	1	15
Collectivités - Demande de subvention du Fonds de Prévention des Risques Naturels Majeurs (FPRNM)	1	15
poursuite 2023 convention pluriannuelles addictions 2022	1	15
 DDPP85_IAHP_demandes de délégation de crédits à la DRAAF PDL	1	15
Demande de subvention au titre de la Dotation Politique de la Ville (DPV) 2024	1	15
AITA - Aide pour le Conseil de stratégie de transmission (CST) 2022 - AAP 1	1	15
Second volet de l’appel à projets national Ecophyto II+ 2021-2022 - DOM	1	15
Subventions DSIL 2023	1	15
Appel à projets FIPD 2022 - Equipements des polices municipales - Préfecture de la Guadeloupe	1	15
Appel à projets IA pour la SURVEILLANCE DU DOMAINE SPATIAL	1	15
Gré à gré 2023 - Prévention des addictions	1	15
Dotation de la Politique de la Ville Sarthe- Année 2023	1	15
Appel à Projets Animation Pacte Haie Occitanie 2024	1	14
Aide aux quotidiens régionaux, départementaux et locaux d'information politique et générale à faibles ressources de petites annonces (QFRPA) (2024)	1	14
PDASR 2024 - Préfecture de Police, Pôle de Prévention et de Sécurité Routière (PPSR) - Appel à projet PDASR 2024	1	14
Caf Évasion 2022 - Caf de la Haute-Vienne	1	14
Demande de carte de revendeur d'objets mobiliers	1	14
Appel à projets – Maisons sport-santé en Centre-Val de Loire 2024	1	14
Appel à projets Mise en place du contrat d'engagement jeune - volet Jeunes en rupture à Mayotte	1	14
Aide aux quotidiens régionaux, départementaux et locaux d'information politique et générale à faibles ressources de petites annonces (QFRPA)	1	14
Demande d'attribution de numéro de pacage	1	14
Préfecture de l'Hérault - FIPD 2022 - Programme S (équipement des polices municipales)	1	14
2023 - Appel à projets BOP 104 intégration des primo-arrivants résidant en Guyane (973)	1	14
Appel à projets Hauts-de-France 2021 « Collectifs en transition agro-écologique » - Volet émergence	1	14
AITA - Aide pour le Suivi du Nouvel Exploitant (SNE) 2023 - AAP 3	1	14
Reconnaissance en tant que groupement d'intérêt économique et environnemental et soutien à l'animation	1	14
Département de la Martinique - Formulaire de demande de subvention au titre du Contrat de convergence et de transformation 2024 - 2027	1	14
Refinancement 2023 CPO - missions spécifiques	1	14
Préfecture 43 - Demande d'inscription sur le registre des revendeurs d'objets mobiliers	1	14
Demande de subvention 2024 - Accueil d'enfants porteurs de handicap -  Caf de la Haute-Vienne	1	14
DDETS Drôme - Demande de subvention "aide alimentaire 2022"	1	14
Première demande d'aide financière 2021 "Soutien aux proches aidants"	1	14
Déclaration d'intention préalable pour le Dispositif d’urgence FAm à venir – reconstitution des outils de production pour les exploitations agricoles victimes des intempéries 2023/2024 dans le Pas-de-Calais	1	14
Défenseurs syndicaux : réactualisation des informations figurant sur la demande initiale	1	14
Appel à Projets Régional 2022 : Volet 2 : Formation des professionnels de la petite enfance en Occitanie 	1	14
Programme 304 action 13 « Autres expérimentations  » Subventions 2024	1	14
FIPD 2024 - Sécurisation - Equipement des polices municipales - Préfecture de l'Essonne	1	14
Appel à Projet pour la création de tiers–lieux et l’accompagnement des tiers–lieux existants - Conseil Départemental de la Guadeloupe	1	14
Bilan et Demande d'aide financière 2021 pour les haltes répit	1	14
Appel à manifestation d’intérêt pour la mise en œuvre d’actions de prévention en  EHPAD en Haute-Marne 2021	1	14
AAP-MILDECA-2022 - Préfecture de la Guadeloupe	1	14
2e édition : AAP-DEETS de Mayotte pour la mise en place de parcours personnalisés pour les jeunes entre 16 et 18 ans en outre-mer.	1	14
PREFECTURE DE L'HERAULT - Demande de subvention DSEC (dotation de solidarité touchées par des événements climatiques ou géologiques)	1	14
HABILITATION CCF 2022 version sept2021 / Région académique Provence-Alpes-Côte d'Azur	1	14
AAP 2023 "Inclusion numérique" - Conférence des financeurs des Hauts-de-Seine	1	14
Demande de subvention 2022 - Accueil d'enfants porteurs de handicap -  Caf de la Haute-Vienne	1	14
Appel à manifestation d'intérêt - Création d'un centre de soins non programmés (CSNP)	1	14
HELP « aide aux travailleurs indépendants en difficultés » ARIEGE - v1	1	14
Caf Évasion 2023 - Caf de la Haute-Vienne	1	14
Procédure d'agrément académique des associations éducatives complémentaires de l'enseignement public.	1	14
ERBM-  2ème appel à dépôt de demandes de financement pour la rénovation urbaine des cités minières par le fonds conjoint Etat-Région ERBM	1	14
Reconnaissance du bénéfice de l'antériorité d'un plan d'eau de loisirs construit avant 1999 en Maine-et-Loire	1	14
Demande de subvention "Massif des Vosges" - fonctionnement - année 2023	1	14
DREETS ARA- Abondement Appel à projets Contrat d'Engagement Jeune - Jeunes en rupture VAGUE 2	1	14
DDT de l'Aube - Contrôle du respect de la réglementation de la construction CRC - Transmission de dossier	2	14
Demande de subvention au titre de la DPV 2024	2	14
FranceRelance : Fonds "Transformation numérique des collectivités territoriales" > Développer la coopération avec mes partenaires et usagers grâce au numérique > Reporting Projet 3	2	14
DOSSIER DE DEMANDE DE SUBVENTION -AIDE A LA VIE ASSOCIATIVE SPORTIVE DU TERRITOIRE DE LA CAPH	2	14
Lutte contre la précarité menstruelle PACA - Bilan intermédiaire des actions 2023 	1	13
Appel à manifestation d’intérêt pour la mise en œuvre d’actions de prévention par un opérateur de proximité en Haute-Marne 2023	1	13
Département de la Nièvre - Appel à projets Economie Sociale et Solidaire #4 édition 2024	1	13
Appel à projet Auvergne-Rhône-Alpes 2024 « Collectifs en transition agro-écologique » - GIEE - Volet émergence	1	13
CD93 | Appel à projets facilitation des clauses sociales à l'échelle communale en Seine-Saint-Denis	1	13
Habilitation régionale au titre de l'aide alimentaire - 1ère campagne 2024	1	13
Appel à projets - Atlas de la biodiversité communale (ABC) 2023 PTOM	1	13
92-Demande de permis de stationnement pour mise en place d'un échafaudage, sur places existantes ou sur voie de circulation (route, piste cyclable, voie de bus ou trottoir)v3	1	13
Appel à projets régional «ALLIANCES LOCALES POUR LES SOLIDARITES 2023» en Bourgogne-Franche-Comté	1	13
DIRECCTE Normandie-Appel à projets "Repérer et mobiliser les publics invisibles et en priorité les plus jeunes d'entre eux"	1	13
FIPD 2024 - Sécurisation - Etablissements scolaires - Préfecture de l'Essonne	1	13
Demande de paiement - Actions d’animation des PAEC - Occitanie	1	13
Label Jardin remarquable	1	13
ADELI - Psychologues	1	13
Dossier de demande de subvention | Exercice 2024	1	13
Dossier de demande de subvention au titre du PDASR 2024 du GARD	1	13
Appel à Projets 2023 : FINANCEMENT de l'animation de Groupements d'intérêt économique et environnemental (GIEE) en Normandie	1	13
Demande d'enregistrement pour l'autorisation à délivrer la formation "Hygiène alimentaire en établissement de restauration commerciale" en région Bretagne [1er au 31 mai 2024]	1	13
Caf Évasion 2024 - Caf de la Haute-Vienne	1	13
ARS Île-de-France - Plan d'actions COVID Stop Ensemble 2021 	1	13
MILDECA 2020. 	1	13
Formulaire de candidature en ligne PRIX QUALITE 2022  ARS Hauts de France	1	13
Positionnement réglementaire - campagne 2024	1	13
Formulaire pour transmission de documents : rapports de gestion, d’activité, rapport financier au titre de l'exercice 2022	1	13
AAP 2024 "Inclusion numérique" - Conférence des financeurs des Yvelines	1	13
Appel à Projets GIEE 2022 en Bretagne : Financement de l'émergence d'un GIEE	1	13
Appels à projets Soutien à l'autonomie des locataires du parc social - Accompagnement - Carsat Hauts de France	1	13
AAP2023-Parc-national-de-forêts-Action10	1	13
DGCS- P304-14 - Programme Mieux Manger Pour Tous - Subvention nationale	1	13
HELP « aide aux entreprises en difficultés » Haute Loire - V1	1	13
Appel à projets FRAFU 2023 - DEALM Mayotte	1	13
Demande de Fonds de secours outre-mer (FSOM) Tempête PHILIPPE du 02/10/2023 au 03/10/2023: Particuliers (Annexe 2)	1	13
AAP2023-Parc-national-de-forêts-Action5	1	13
Appel à Projets Drac Draaf 2024-2025	1	13
DDTM76  - Fonds Barnier - COLLECTIVITES - V2	1	13
DiNA CUMA - Demande de paiement 2ème AAP 2020 - Bretagne	1	13
Demande de subvention 2021 - Accueil d'enfants porteurs de handicap -  Caf de la Haute-Vienne	1	13
Aide au pluralisme des titres ultramarins	1	13
Intempéries cours d'eau Juin 2023 - prolongation	1	13
Pôle départemental funéraire de l'Hérault : Habilitation funéraire	1	13
Dossier de demande de subvention | Exercice 2022	1	13
AAP 2023 "Inclusion numérique" - Conférence des financeurs des Yvelines	1	13
Appel à Projets 2023 : RECONNAISSANCE de l'animation de Groupements d'intérêt économique et environnemental (GIEE) en Normandie	1	13
LBC Haies	1	13
DREETS Bretagne-Appel à projets "Repérer et mobiliser les publics invisibles et en priorité les plus jeunes d'entre eux" 	2	13
Appel à projet pour la mise en oeuvre d'actions en faveur des aidants accompagnant des personnes en situation de handicap	1	12
Demande de subvention Fonds d'amorçage Fessenheim	1	12
Appel à Projets 2024 : FINANCEMENT de l'animation de Groupements d'intérêt économique et environnemental (GIEE) en Normandie	1	12
Suivi annuel de l'activité de vidangeur des installations d’assainissement non collectif en Seine-Maritime	1	12
FIPD 2022 - Prévention de la délinquance : "Sécurisation des établissements scolaires" - Préfecture de l'Essonne	1	12
Appel à Manifestation d’Intérêt pour l’accélération des investissements dans des usines de production de pompe à chaleur	1	12
ARSPDL - Déploiement des infirmiers en pratique avancée (Infirmier libéral) - 2024	1	12
HELP « aide aux entreprises en difficultés » Haute-Marne - V1	1	12
stratégie de lutte contre la pauvreté - compte-rendu financier des projets ayant reçu une subvention - 2020	1	12
plan de soutien aux associations / plan de relance 2021-2022 - compte-rendu financier des projets ayant reçu une subvention	1	12
Inscription en 1ère année de BTS en Apprentissage au Lycée léonard de Vinci - Année 2024-2025	1	12
Appel à candidature de l'Agence Régionale de Santé Nouvelle-Aquitaine pour l'habilitation des organismes intervenant dans la lutte contre les maladies humaines transmises par les insectes (2024-2028)	1	12
APPEL A PROJETS REGIONAL 2023 RELATIF A L'INTEGRATION DES ETRANGERS PRIMO-ARRIVANTS DONT LES BENEFICIAIRES DE LA PROTECTION INTERNATIONALE - DRIEETS Unité régionale	1	12
Action Flow'up - GIP Europe en Hainaut et Nord Actif	1	12
V3DDPP72_IAHP_demandes_de_crédits_DRAAF PDL	1	12
Dépôt et instruction des offres de formation civique et citoyenne  (FCC) du Service civique- NORD 2023/2024	1	12
Appel à projets 2021  Jardins partagés et collectifs  - Haute-Savoie	1	12
Aide d’urgence de soutien suite à l'épisode de gel de début avril 2022	1	12
Demande de subvention Fond Départemental d'Insertion (FDI) 2019, département de la Côte-d'Or	1	12
Demande d'autorisation d'exploiter - Île-de-France	1	12
stratégie de lutte contre la pauvreté - Pays de la Loire  - demande de subvention 2022 (2ème vague)	1	12
DIRECCTE Provence Alpes Côte d'Azur-Appel à projets "Repérer et mobiliser les publics invisibles et en priorité les plus jeunes d'entre eux"	1	12
Demande de premier agrément d'un établissement d’enseignement de la conduite et de la sécurité routière - département des Vosges	1	12
APPEL A PROJETS CULTURE EN COLLÈGE 2020/2021 	1	12
Fonds d'urgence pour accompagner les exploitations en agriculture biologique en difficulté (département de l'Yonne)	1	12
Appel à projets Hauts-de-France 2022 « Collectifs en transition agro-écologique » - Volet reconnaissance et financement d'un GIEE	1	12
Appel à projets Carsat Normandie Préservation de l'Autonomie et du Lien Social 2023	1	12
FIPD 2024 - Programme "D" (délinquance) - Préfecture de l'Aveyron	1	12
DDCSPP40 / Influenza aviaire / Demande de dérogation à l'obligation de claustration	1	12
Appel à Projets 2021 : FINANCEMENT de l'animation de Groupements d'intérêt économique et environnemental (GIEE) en Normandie	1	12
Financement 2020 de l’émergence d’un groupement d'intérêt économique et environnemental en Bretagne	1	12
Démarche relative à l'agrément d'un établissement chargé d'organiser les stages de sensibilisation à la sécurité routière - Préfecture de police	1	12
Appel à projets 2021  Jardins partagés et collectifs  - Loire	1	12
MISE EN PLACE D’ACTIVITÉS PHYSIQUES ADAPTÉES À DESTINATION DES PERSONNES EN PERTE D’AUTONOMIE VIVANT À DOMICILE - EXPÉRIMENTATION AUPRÈS DES CLUBS SPORTIFS DU TERRITOIRE DE L’UTAS DIEPPE - NEUFCHÂTEL	1	12
Dépôt des pièces  - Subvention d'investissement 2022 - Appel à Projet 2021-2022 - Plan de soutien aux associations de luttes contre la pauvreté	1	12
Unité d'Accès Vasculaire Veineux 2022	1	12
Plan de relance pour la transformation numérique de l'Etat et des territoires - enquête sur la mise en oeuvre du dispositif ITN7 axe 3 volet 1 "Transformation numérique des collectivités" en Bretagne	1	12
Demande de subvention au titre de la DSID 06 - 2024	1	12
Programme 304 action 14 « Aide alimentaire  » Subventions 2022	1	12
FIPD 2023 - Sécurisation - Etablissements scolaires - Préfecture de l'Essonne	1	12
Appel à Candidatures - Co-Animateur Départemental Guid'Asso	1	12
DREETS PACA - 1000 premiers jours de l'enfant - Bilan des projets 2022 (sauf Bouches-du-Rhône)	1	12
Demande de dérogation à l’interdiction de l’emploi du feu en période orange  (du 15 février au 31 mai et du 1er juillet au 30 septembre)	1	12
Appel à projets Pacte haie n°1 - volet investissement - Bourgogne-Franche-Comté	1	11
Agrément vidangeurs assainissement non collectif	1	11
DOSSIER DE DEMANDE DE SUBVENTION - CLUBS SPORTIFS DE HAUT NIVEAU DE LA PORTE DU HAINAUT - SAISON 2021/2022	1	11
Fiche équipement	1	11
Dépôt des candidatures finales - Appel à projets Smart Citizen de la Solideo	1	11
Dossier de candidature - prescripteurs Colos apprenantes - été 2022	1	11
FIPD 2024 - Programme S (équipement des polices municipales) - Préfecture de l'Hérault	1	11
FranceRelance : Fonds "Transformation numérique des collectivités territoriales" > Dématérialiser ou améliorer l'expérience d'une démarche administrative en ligne > Reporting Projet 	1	11
Aide au pluralisme des titres ultramarins (2024)	1	11
Demande de modification des cours d'eau BCAE dans le département de l'Aisne	1	11
DGCS- P304-14 - Programme Mieux Manger Pour Tous - Subvention nationale 2024	1	11
AID - Appel à projets CRPA	1	11
Réponse du GAEC au contrôle de conformité de la DDT de la Côte-d'Or	1	11
Convention Annuelle 2022 - Santé Environnement	1	11
AMI Lutte contre la précarité alimentaire des étudiants	1	11
DOSSIER DE DEMANDE DE SUBVENTION - CLUBS SPORTIFS DE HAUT NIVEAU DE LA PORTE DU HAINAUT - SAISON 2020/2021	1	11
Caf Évasion 2021 - Caf de la Haute-Vienne	1	11
Reconnaissance en tant que groupement d'intérêt économique et environnemental et soutien à l'animation - Bretagne 2020	1	11
Fonds d’urgence bio - DDTM de l'Hérault - Demande d’une aide d’urgence en faveur des exploitations en agriculture biologique en difficulté	1	11
FDI 2022 - Manche - Demande de subvention	1	11
Cloud  - recensement des formations	1	11
Dossiers de demandes d'aides AITA - Conseil de stratégie de transmission - AAP 4	1	11
Demande de subvention - FNADT - Préfecture de région PACA - Formulaire destiné aux collectivités	1	11
DGCS -Prévention, repérage et lutte contre les violences faites aux femmes âgées ou en situations de handicap ou souffrant de maladies chroniques. 	1	11
AITA - Aide pour le Diagnostic d'exploitation à céder (DEC) 2024 en Pays de la Loire	1	11
Demande d'agrément d'un centre de formation des Pays de la Loire réalisant des formations initiales et/ou continues à destination des chauffeurs de véhicules de plus de 3 tonnes 5	1	11
stratégie de lutte contre la pauvreté - compte-rendu financier des projets ayant reçu une subvention - 2021	1	11
Expérimentation d'organisation en équipes autonomes au sein des SAAD	1	11
Appel à projets ANIMERA - Animation Nationale et Inter-régionale pour Mêler Enjeux Ruraux et Agricoles	1	11
Guichet unique ANCT Loir-et-Cher	1	11
Demande de subvention 2023 	1	11
Primo-engagement Sapeur-Pompier Volontaire - SDIS 86	1	11
DEETS 974 - Demande d'agrément pour organiser des sessions d'examen conduisant à la certification relative aux compétences de maître d'apprentissage / tuteur	1	11
AITA - Aide pour le Suivi du Nouvel Exploitant (SNE) 2022 - AAP 2	1	11
Demande de subvention "PEEJ / AM et MAM" auprès de Pornic agglo Pays de Retz - Année 2024	1	11
Demande d'autorisation d'occupation temporaire (AOT)  sur le domaine public fluvial (DPF) de l'État dans la Loire. 	1	11
Appel à Projets GIEE 2021 en Bretagne : Financement de l'émergence d'un GIEE	1	11
Demande d'habilitation régionale au titre de l'aide alimentaire	2	11
Appel à Projets GIEE 2024 en Bretagne : Reconnaissance en tant que GIEE et soutien à l'animation	1	11
Demande d'habilitation au SIV (Expert automobile - Huissier - Assureur)	1	11
Appel à projet Grand Est 2024 pour la Reconnaissance en qualité de Groupement d'Intérêt Economique et Environnemental (GIEE)	1	11
94-Demande d'arrêté pour occupation du domaine public par un commerce (AOT) ( V3)	1	11
Dossier de demande de subvention | Exercice 2021	1	11
Demande de subvention de fonctionnement pour les associations 2024	1	11
Conventions annuelles Permanences d'Accès aux Soins de Santé (PASS)	1	11
DREETS-HDF & ARACT :  Appel à candidature pour la participation d’une démarche de valorisation de la qualité et des conditions de vie au travail 	1	11
APPEL A PROJETS POUR LA PREVENTION ET LA LUTTE CONTRE L'ISOLEMENT SOCIAL DES PERSONNES AGEES DU DEPARTEMENT DE LA GUADELOUPE (APP MONALISA 2021)	1	11
Conventions annuelles "ARIANE"	1	11
Appel à candidatures : diagnostic sur l'illettrisme et l'illectronisme	1	11
Appel à projets Mise en place du contrat d'engagement jeune - volet Jeunes en rupture - vague 2	1	11
Aide à la distribution de la presse - Première section	1	11
Deuxième appel à Projet pour la création de tiers–lieux  - Conseil Départemental de la Guadeloupe	1	11
PDASR 2021- Préfecture 04 - Actions de sécurité routière 	1	11
DOSSIER DE DEMANDE DE SUBVENTION -AIDE AUX SPORTIFS TITRES DU TERRITOIRE DE LA CAPH 2022	1	11
DDPP37 / Influenza aviaire / Demande de LPS 2022	1	11
DOSSIER DE DEMANDE DE SUBVENTION - CLUBS SPORTIFS DE HAUT NIVEAU DE LA PORTE DU HAINAUT - SAISON 2022/2023	1	11
Appel à Projets GIEE 2023 en Bretagne : Financement de l'émergence d'un GIEE	1	11
APPEL A PROJETS PROMOTION DES VALEURS DE LA RÉPUBLIQUE ET PRÉVENTION DE LA RADICALISATION 2023	1	11
Demande de subvention DETR ou DSIL classique pour 2023	1	11
Reconduction d'une demande d'aide financière 2024 "Soutien aux proches aidants" pour les porteurs bénéficiant d'une convention annuelle	1	11
Appel à projet régional Nouvelle-Aquitaine 2nde vague : mise en place du contrat d'engagement jeune - volet Jeunes en rupture	1	11
ERBM-  4ème appel à dépôt de demandes de financement pour la rénovation urbaine des cités minières par le fonds conjoint Etat-Région ERBM	1	11
DOSSIER DE DEMANDE DE SUBVENTION - CLUBS SPORTIFS DE HAUT NIVEAU DE LA PORTE DU HAINAUT - SAISON 2023/2024	1	11
Renouvellement du soutien aux espaces témoins aménagés en aides techniques et domotique	2	11
Soutien aux écoles de musique	2	11
Appel à projets en Bourgogne Franche-Comté : "Repérer et mobiliser les publics invisibles et en priorité les plus jeunes d'entre eux"	1	10
Fiche du porteur de projets - Appel à projets aidants de personne en situation de handicap 2024 - Département du Val-de-Marne	1	10
Demande de subvention au titre du Fonds de Prévention des Risques Naturels Majeurs (dit fonds Barnier) dans le département de l'Aude - Particuliers	1	10
Programme ESMS Numérique en Nouvelle-Aquitaine	1	10
PREF66 - Recensement contraventions police municipale (APMC 2023 - Cnes +10 000 habitants)	1	10
Demande d'aide au titre du fonds d'urgence MHE pour les opérateurs commerciaux de bovins - Dispositif ITALIE	1	10
Dépôt des pièces  - Subvention d'investissement 2021 - Appel à Projet 2021-2022 - Plan de soutien aux associations de luttes contre la pauvreté	1	10
F504 - Demande de changement d’adresse de correspondance des cartes et des codes	1	10
Appel à projets - Plan Départemental d'Actions de Sécurité Routière - 2023 - Pyrénées-Orientales	1	10
DESTINATION FRANCE appel à projets pour les Hauts de France	1	10
Innov'Jeunes 2024 - Caf de la Haute-Vienne	1	10
Appel à Projets GIEE 2023 en Bretagne : Reconnaissance en tant que GIEE et soutien à l'animation	1	10
Appel à projets DILCRAH	1	10
Demande d'agrément d'une association complémentaire de l'enseignement public (2022)	1	10
Demande de subvention 2020 - Accueil d'enfants porteurs de handicap -  Caf de la Haute-Vienne	1	10
Appel à projets 2021  Jardins partagés et collectifs  - Isère	1	10
Dotation de soutien à l'investissement local (DSIL) - exercice 2020 - Département du Morbihan	1	10
Demandes d’autorisations d'activités de soins et EML présentées en application des articles L 6122-1 et L 6122-9 du Code de la santé publique	1	10
Fonds d'urgence en soutien aux agriculteurs sinistrés par les épisodes de gel en 2021 dans la Nièvre	1	10
Fichier employeur : Demande d'accompagnement dans un maintien d'emploi d'un(e) salarié(e) en arrêt de longue date	1	10
Contrat triennal 2024-2026 Fonds Démocratie	1	10
Rhône- Aide de trésorerie exceptionnelle suite aux épisodes de grêle 2022	1	10
Appel à projets FIT Hauts-de-France "Accompagnement à la mise en oeuvre du Parcours Emploi Compétences"	1	10
Appel à projets - Atlas de la biodiversité dans les départements et régions d'outre-mer	1	10
Une idée, un projet ? L'État dans le Calvados à votre écoute	1	10
Appel à candidature - Comité de direction de l’Office de Tourisme de Belle-Ile-en-Mer	1	10
Demande d'aide financière 2023 pour les haltes répit (période Septembre 2024 - Août 2025)	1	10
Première demande d'aide financière 2022 "Soutien aux proches aidants"	1	10
Demande de subvention "Enseignement" auprès de Pornic agglo Pays de Retz - Année 2024	1	10
AAP2023-Parc-national-de-forêts-Action1-2	1	10
Appel à projets Investissement Pacte Haie Occitanie 2024	1	10
QUESTIONNAIRE D’INSCRIPTION DES N°SIRET DES INSTITUTS DE FORMATION PARAMEDICAUX SUR LES FICHES RNCP DES FORMATIONS QU’ILS DELIVRENT (Test final)	1	10
HANDICAP    -    Dossier de demande d'aide financière 2020 - Fonctionnement	1	10
Appel à projets 2024 "Groupes 30 000" Ecophyto Occitanie	1	10
PDASR 2023- Maine-et-Loire - Actions de sécurité routière - Demande d'aide matérielle	1	10
Candidature AMI "France Tourisme Tech" : promotion 2024-2025	1	10
[Qualif] Déclaration des changements dans l'administration d'une fondation d'entreprise	1	10
Demande de subvention pour les associations sportives de Lingolsheim	1	10
Conventions annuelles Personnes Vieillissantes (PV)	1	10
Appel à Projets GIEE 2022 en Bretagne : Reconnaissance en tant que GIEE et soutien à l'animation	1	10
HELP « aide aux entreprises en difficultés » Lozère - V1	1	10
Appel à Manifestation d'Intérêt : Fabriques de territoire 5	1	10
Demande de subvention DSIL classique pour 2022 - Arrondissement de Saint-Denis - La Réunion	1	10
PREFECTURE DE L'AVEYRON - Arrondissement de VILLEFRANCHE DE ROUERGUE - Aide financière de l'Etat à l'investissement des collectivités - Demande de Dotation d'équipement des territoires ruraux (DETR) - Exercice 2023	1	10
AITA - Aide pour le Diagnostic d'exploitation à céder (DEC) 2023 - AAP 3	1	10
Ministère du Travail de l'Emploi et de l'Insertion - Dérogation à la durée hebdomadaire minimale de travail en cas de cumul de contrats	1	10
Ministère du Travail de l'Emploi et de l'Insertion - Dérogation individuelle à la durée hebdomadaire minimale de travail	1	10
Renouvellement IAE 973	1	10
Appel à projets pour la valorisation culturelle des langues régionales de Mayotte - 2022	1	10
Maintien des dossiers de demande de subvention DSIL ou DETR déposés en 2022 sur l'exercice 2023	1	10
Préfecture de l'Hérault - FIPD 2023 - Programme S (équipement des polices municipales)	1	10
Appel à projets 2023 pour la reconnaissance et le financement de l'animation en tant que groupement d'intérêt économique et environnemental (GIEE) - Pays de la Loire	1	10
Programme 304 action 14 « Aide alimentaire  » Subventions 2021	1	10
Hors IdF - Aide à l’acquisition ou à la location de longue durée de véhicules peu polluants accessibles aux fauteuils roulants	1	10
Appel à projets DRACCARE - Edition 2023	1	10
FranceRelance : Fonds "Transformation numérique des collectivités territoriales" > Dématérialiser ou améliorer l'expérience d'une démarche administrative en ligne > Reporting Projet 6	1	10
Demande d'autorisation préfectorale individuelle de dérogation aux interdictions de destruction du grand cormoran dans le département de la Loire - saison 2024/2025	1	9
 soutien aux espaces témoins aménagés en aides techniques et domotique 2024	1	9
Appel à projets 2024 - Programme Mieux Manger Pour Tous (Volet local)	1	9
Demande d'enregistrement pour l'autorisation à délivrer la formation "Hygiène alimentaire en établissement de restauration commerciale" en région Centre-Val de Loire [phase transitoire]	1	9
Demande de subvention "PEEJ / Associations gestionnaires" auprès de Pornic agglo Pays de Retz - Année 2024	1	9
FNADT 2024 - Bas-Rhin	1	9
Fonds d'urgence viticulture 2023 - Bouches du Rhône V2 6/3 - 15/04	1	9
APPEL A PROJETS PROMOTION DES VALEURS DE LA RÉPUBLIQUE ET PRÉVENTION DE LA RADICALISATION 2022	1	9
Démarche démonstration demarches-simplifiees.fr 	1	9
Appel à Projets Régional 2021 : Plan de formation des professionnels de la petite enfance en Occitanie 	1	9
Appel à projets du Plan Régional de l'Alimentation (PRA)	1	9
Demande de subvention Fond Départemental d'Insertion (FDI), volet régional, Bourgogne-Franche-Comté 2019	1	9
DIRECCTE Normandie-Appel à projets "Repérer et mobiliser les publics invisibles et en priorité les plus jeunes d'entre eux"- vague 2	1	9
Demande de subvention au titre de la DETR et de la DSIL 2024 - arrondissement de Saint-Denis - La Réunion	1	9
Domiciliation 2024 - DDETS des Yvelines	1	9
CNLE Subventions 2024	1	9
Demande d'autorisation d'introduction et/ou de prélèvement dans le milieu naturel de grand gibier ou de lapin dans le département de la Loire-Atlantique	1	9
Appel à candidature destiné aux moto-écoles certifiées du département du Nord pour la mise à disposition gratuite de gilets Airbag	1	9
Appel à projets Hauts-de-France 2022 « Collectifs en transition agro-écologique » - Volet émergence	1	9
AAP Micro-Folie PACA 2022	1	9
Demande d'autorisation d'abattage d'alignement d'arbre	1	9
AO_PV_CRE5_thème_période_x	1	9
Appel à Manifestation d'Intérêt 2023 - Conférence des Financeurs du Puy-de-Dôme -  Actions collectives de prévention de la perte d'autonomie des personnes âgées de 60 ans et plus vivant à domicile	1	9
FDI 2022 - Eure - Demande de subvention	1	9
Appel à candidatures 2019 : Conférence des Financeurs : Axe 3 : Actions collectives de prévention de la perte d'autonomie : SAAD	1	9
Transmission des rapports de repérage amiante - Préfecture de Paris	1	9
Liger Bocage 2 - DÉMARCHE FACILITATRICE	1	9
Subventions FNADT 2023	1	9
[AGRICULTURE] Dossier réglementaire de demande de REGULARISATION DE FORAGES ou puits existants au titre du code de l'environnement	1	9
Demande d'INSCRIPTION BTS MHR 1ère Année 2024 Lycée Funay Hélène Boucher Le Mans	1	9
Appel à projets 2021  Alimentation locale et solidaire  - Loire	1	9
AAP 2024 "Inclusion numérique" - Conférence des financeurs des Hauts-de-Seine	1	9
Vous êtes des acteurs représentants des filières industrielles ou à l'interface des donneurs d'ordres industriels? Partagez avec nous votre vision des besoins des acteurs de l'offre et de la demande en terme de décarbonation de l'industrie.	1	9
Formulaire de réclamation a l'encontre du fonctionnement d'une ou plusieurs installation(s) classée(s) pour l'environnement industrielle(s) ou agricole(s) située(s) dans le département de la Haute-Garonne (31)	1	9
Demande d'habilitation à délivrer  la formation aux règles d'hygiène et de salubrité pour les techniques de TATOUAGE par effraction cutanée / MAQUILLAGE PERMANENT / PERCAGE CORPOREL	1	9
Appel à projet 2022 Création nouvelles entreprises adaptées Région HAUTS-DE-FRANCE	1	9
DDPP 64 / IAHP / Demande de LPS 2022-2023	1	9
FranceRelance : Fonds "Transformation numérique des collectivités territoriales" > Développer la coopération avec mes partenaires et usagers grâce au numérique > Reporting Projet 2	2	9
PDASR 2024 - Préfecture 04 - Appel à projet Actions de sécurité routière 	1	9
HELP « aide aux entreprises en difficulté » Meuse - V1	1	9
Appel à Projets 2021 : RECONNAISSANCE de l'animation de Groupements d'intérêt économique et environnemental (GIEE) en Normandie	1	9
Quatrième appel à Projet pour la création de tiers–lieux  - Conseil Départemental de la Guadeloupe	1	9
Demande de subvention "PEEJ / AM et MAM" auprès de Pornic agglo Pays de Retz - Année 2023	1	9
FIPD 2021 - Programme "D" (prévention de la délinquance) - Préfecture de l'Hérault (prorogation > 14 mars 2021)	1	9
Appel à projets 2021  Alimentation locale et solidaire  - Rhône	1	9
DDTM 62 - Demande de subvention au titre du FPRNM - Opération de reconnaissance et travaux de confortement des cavités souterraines	1	9
93-Demande d'arrêté pour occupation du domaine public par un commerce (AOT) V3	1	9
2021 - Demande de la certification « Qualiopi » du label « qualité des formations au sein des écoles de conduite et reconnaissance des équivalences à ce label» (Haute-Loire)	1	9
HELP « aide aux entreprises en difficultés » Meuse	1	9
Déclaration de situation relative à l'obligation de couverture par un accord/plan d'action en matière d'égalité professionnelle F/H	1	9
Demande de subvention DSIL classique pour 2022 - Arrondissement de Saint-Benoît - La Réunion	1	9
Appel à projets Carsat Normandie pour les associations à vocation régionale dans les domaines sanitaires et sociaux ciblés	1	9
Demande de subvention 2023 - Personnes âgées	1	9
DOSSIER DE DEMANDE DE SUBVENTION -AIDE AUX SPORTIFS TITRES DU TERRITOIRE DE LA CAPH 2023	1	9
Appel à projets Mise en place du contrat d'engagement jeune - volet Jeunes en rupture - DREETS Pays de la Loire	1	9
93-Demande d'arrêté pour occupation du domaine public par un commerce (AOT) V4	1	9
ARS BFC - APPEL A PROJET 1000 PREMIERS JOURS	1	9
Appel à projets "Mise en place du contrat d'engagement jeune - volet Jeunes en rupture" - La Réunion 	1	9
AITA - Aide pour le Diagnostic d'exploitation à céder (DEC) 2022 - AAP 2	1	9
 soutien aux espaces témoins aménagés en aides techniques et domotique	1	9
93-Demande de permis de stationnement, sur voie de circulation (route, piste cyclable, voie de bus ou trottoir), pour déménagement ou livraison de matériels V3	1	9
Nièvre-Fonds d'urgence pour accompagner les exploitations en agriculture biologique en difficulté	1	9
DiNA CUMA - Demande de paiement pour les dossiers déposés au titre de l'année 2023 - Bretagne	1	8
Aide d’urgence de soutien suite à la crise Covid et au gel 2021	2	8
Appel à projet départemental 2024 :  «  Aide alimentaire » 	1	8
Nouvelle-Aquitaine - Appel à projets "Repérer et mobiliser les publics invisibles et en priorité les plus jeunes d'entre eux"	1	8
Dossier de Candidature d'Enseignant Vacataire - DFTLV UR	2	8
Demande de subvention Dotation Politique de la Ville (DPV) - Exercice 2023 - Seine-Maritime	1	8
DDT49 - Demande de paiement de subvention FPRNM attribuée par la Préfecture de Maine-et-Loire	1	8
Appel à projets 2022 - Déploiement des Micro-Folies en Vendée	1	8
F420 - Qualification de vos besoins et vos usages de l'Annuaire Santé	1	8
AITA - Aide pour le Suivi du Nouvel Exploitant (SNE) 2022 - AAP 3	1	8
Demande d'autorisation pour des prises de vues et/ou de sons dans le cœur du Parc national de forêts	1	8
Troisième appel à Projet pour la création de tiers–lieux  - Conseil Départemental de la Guadeloupe	1	8
Engagement au Fil de l'eau Sapeur-Pompier Volontaire - SDIS 86	1	8
Caf Évasion 2020 - Caf de la Haute-Vienne	1	8
Appel à projets Hauts-de-France 2023 « Collectifs en transition agro-écologique » - Volet émergence	1	8
Appel à projets 2021 - Jardins partagés et collectifs - Yvelines (78)	1	8
Appel à projets 2021 - Jardins partagés et collectifs - Val-de-Marne (94)	1	8
Appel à candidature de l'Agence régionale de santé (ARS) Provence-Alpes-Côte d'Azur (Paca) pour l'habilitation des organismes intervenant dans la lutte contre les maladies humaines transmises par les insectes vecteurs	1	8
Appel à projets 2024 - Déploiement des Micro-Folies en Ile-de-France	1	8
Fonds d’urgence 2023 : soutien à l’agriculture biologique -  aide à la trésorerie des exploitations en graves difficultés économiques	1	8
Dossier d'instruction insertion par l'activité économique - demande de conventionnement et de subvention entreprise d'insertion année 2022	1	8
DETR 2021 - Arrondissement de Romorantin-Lanthenay	1	8
Aide aux quotidiens nationaux d'information politique et générale à faibles ressources publicitaires (QFRP) (2024)	1	8
Appel à candidature de l'Agence Régionale de Santé Occitanie pour l'habilitation des organismes intervenant dans la lutte contre les maladies humaines transmises par les insectes	1	8
Dossier de demande de subvention - Programmation Insertion Emploi - Développement Économique - Cohésion Sociale - Atelier Chantier d'Insertion 2024 	1	8
FranceRelance : Fonds "Transformation numérique des collectivités territoriales" > Développer l’utilisation de la donnée dans votre territoire > Reporting Projet 6	1	8
Appel à projets 2021  Alimentation locale et solidaire  - Isère	1	8
Appel à projets Pacte haie - volet investissement (60)	1	8
Appel à projets Carsat Normandie pour les associations à vocation régionale dans les domaines sanitaires et sociaux ciblés 2024	1	8
Appel à Projets 2022 : FINANCEMENT de l'animation de Groupements d'intérêt économique et environnemental (GIEE) en Normandie	1	8
Département de la Nièvre - Appel à projets Economie Sociale et Solidaire 2020	1	8
Demande de subvention au titre de la DETR et de la DSIL 2024 (Trame DGCL)	1	8
Demande d'agrément d'un établissement d’enseignement de la conduite et de la sécurité routière en cas de changement de local ou lors de l’acquisition d’un local supplémentaire - département des Vosges	1	8
Transmission des Rapports d'analyse du RIA 2 - 2023	1	8
Nièvre (58) - Déclaration préalable d'un rassemblement temporaire d'animaux	1	8
Déposer un rapport de suivi écologique prescrit par arrêté d'autorisation environnementale ou lettre de clôture	1	8
Demande de subvention au titre du FNADT - Fonds National d'Aménagement du Territoire -  2024 	1	8
Notification des prestataires de services d'intermédiation de données	1	8
Appel à candidatures mobilisation de l’Aide à la Vie Partagée (AVP) dans le Département de la Manche	1	8
Demande de subvention ARS Prévention et Promotion de la Santé au titre de : "covid précarité" et "covid aller-vers"	1	8
Retours Bilan volet Emergence - Groupes 30 000 - 2022	1	8
Demande d'habilitation d'une association au titre de la protection de l'environnement - 75 Paris	1	8
Dossier d'instruction insertion par l'activité économique - demande de conventionnement et de subvention - associations intermédiaires et entreprises de travail temporaire d'insertion - année 2021	1	8
Programme 304 action 13 « Ingénierie, outils de la gouvernance et expérimentations »  Subventions 2021	1	8
DDPP37 / Demande d'exportation d'équidés	1	8
FNP CNRACL : Accompagnement Démarche Prévention 	1	8
Appels à projets 2022-2023 CFPPA de la Guadeloupe - Soutien aux actions d’accompagnement des proches aidants des personnes âgées et des adultes handicapés vieillissants en perte d’autonomie dans le Département de la Guadeloupe	1	8
Secrétariat Général Commun d'Indre-et-Loire - Action sociale 2022 - CLAS 37 : Activité artistique ou culturelle	1	8
Aisne (02) - Conversion des prairies permanentes en Région Hauts-de-France	1	8
DiNA CUMA - Volet Aide au Conseil Stratégique - 2ème AAP Bretagne -2022	1	8
Appel à candidature de l'Agence Régionale de Santé Grand Est pour l'habilitation des organismes intervenant dans la lutte contre les maladies humaines transmises par les insectes (2024-2028)	1	8
Abondement/appel à projets Mise en place du contrat d'engagement jeune - volet Jeunes en rupture - lauréats vague 1	1	8
CA/F201 - Contrat d’Adhésion et déclaration de représentant légal	1	8
FIPD 2023 - Prévention de la délinquance - CALVADOS	1	8
PDASR 2023- Préfecture 04 - Actions de sécurité routière 	1	8
AAP 2023 - Médiation socioculturelle à destination des habitants des Hauts-de-Seine (BOP 177)	1	8
Demande de subvention - DRDFE NORMANDIE - 2023	1	8
Déclaration pour l'exercice de l'activité de négoce ou de courtage de déchets _ département 17 uniquement	1	7
Appel à projets 2023  "Accompagnement du pastoralisme sur le massif du Jura"	1	7
FIPD 2024 - Programme S - Vidéoprotection - Préfecture de l'Aveyron 	1	7
Programme 304 action 19 « stratégie interministérielle de prévention et de lutte contre la pauvreté » Subventions 2024	1	7
TERRES DE CULTURE - Edition #1 Résidences artistiques en territoires ruraux (écoles et collèges) - DRAC Grand Est- Académie de Nancy-Metz	1	7
Appel à Projets FNAVDL Région Guadeloupe	1	7
Bilan de l'action financée par la CFPPA - Axes 3 et 5 (septembre 2023 - aout 2024)	1	7
Engagement Sapeur-Pompier Volontaire - JSP - SDIS 86	1	7
Subventions FNADT 2024	1	7
Appel à projets DREAL - DRAAF Bretagne - Agence de l'eau Loire-Bretagne -poursuite des actions sur l'année scolaire 2024/2025	1	7
Contrôle de conformité des GAEC - 2021 - DDT du Territoire de Belfort	1	7
FIPD 2024 - Sécurisation - Sites sensibles - Préfecture de l'Essonne	1	7
Modification d'une habilitation au SIV	1	7
Ministère du Travail du Plein emploi et de l'Insertion - Dérogation à la durée hebdomadaire minimale de travail en cas de cumul de contrats - 2024	1	7
DiNA CUMA - Demande de paiement pour les dossiers déposés au titre du 2ème AAP 2021 - Bretagne	1	7
EPRD PGFP 2023	1	7
Calamités agricoles - 77 - gel sur les vergers	1	7
Appel à projets plan de relance gouvernemental	1	7
Financement 2023 MDA	1	7
ERBM-  5ème appel à dépôt de demandes de financement pour la rénovation urbaine des cités minières par le fonds conjoint Etat-Région ERBM	1	7
FIPD-R 2021 : Axe R (prévention de la radicalisation) - Préfecture de l'Aube	1	7
Appel à projets 2021  Jardins partagés et collectifs  - Puy-de-Dôme	1	7
Appel à projets Mise en place du contrat d'engagement jeune - volet Jeunes en rupture en Occitanie	1	7
Département de la Nièvre - Appel à projets Economie Sociale et Solidaire 2021	1	7
Appel à projets "nutrition" - Conférence des financeurs des Yvelines	1	7
ARS- Appel à projet- Planification écologique du système de Santé : Volet médicaments et DM 	1	7
DIECCTE de Mayotte-Appel à projets "Repérer et mobiliser les publics invisibles et en priorité les plus jeunes d'entre eux"	1	7
DEETS MAYOTTE - Demande d'agrément Entreprise Solidaire d'Utilité Sociale (ESUS)- Année 2022	1	7
Appel à projets 2021 - Jardins partagés et collectifs - Essonne (91)	1	7
DEMANDE DE FINANCEMENT FORMATION INFIRMIER DE PRATIQUE AVANCEE Infirmiers libéraux, infirmiers salariés d’un centre de santé ne cotisant pas à un Opérateur de Compétences (OPCO)	2	7
DDT 78 - Demande de renouvellement d'agrément d'un établissement d’enseignement de la conduite et de la sécurité routière dans les Yvelines	1	7
DSIL 2020 - préfecture de Loir-et-Cher	1	7
Appel à projets Dynamique expérimentale inter-bailleurs	1	7
ARS PACA - Demande de financement "centre de vaccination"	1	7
Demande d'aide au titre du fonds de sécurisation IML - Exercice 2022/2023	1	7
 Avis d’appel à manifestation d'intérêt pour la création de places de Pension de Famille et Résidence Accueil dans le département du Var	1	7
Demande de subvention - FNADT  - Préfecture de région PACA - Formulaire destiné aux associations	1	7
DDT73 Particuliers - Demande de subvention du Fonds de Prévention des Risques Naturels Majeurs (FPRNM) ou Fonds Barnier - version 2022.01	1	7
Demande de subvention "Culture" auprès de Pornic agglo Pays de Retz - Année 2024	1	7
 Appel à projets- prévention et de lutte contre les inégalités femmes hommes en matière de santé chez les personnes en situation de précarité – Bilan actions 2022	1	7
GUID'ASSO Grand Est : appel à candidatures Co-animation.s départementale.s	1	7
Appels à projets Soutien à l'autonomie des locataires du parc social - Adaptation - Carsat Hauts de France	1	7
FranceRelance : Fonds "Transformation numérique des collectivités territoriales" > Développer la coopération avec mes partenaires et usagers grâce au numérique > Reporting Projet 4	2	7
QUESTIONNAIRE D’INSCRIPTION DES N°SIRET DES INSTITUTS DE FORMATION PARAMEDICAUX SUR LES FICHES RNCP DES FORMATIONS QU’ILS DELIVRENT - Jeu de tests	1	7
DDPP44 / IAHP2023 / DEPEUPLEMENTS / Acompte indemnisation VMO	1	7
DDPP35/ demande de LPS pour un mouvement de viandes et produits issus d'animaux/ Influenza Aviaire	1	7
demande préalable de travaux sur des affleurements rocheux - POUR NON AGRICULTEURS	1	7
Aide aux quotidiens nationaux d'information politique et générale à faibles ressources publicitaires (QFRP)	1	7
Haute-Saône - Plan de relance - appel à projet jardins partagés	1	7
Appel à projets 2022 pour la reconnaissance et le financement de l'animation en tant que groupement d'intérêt économique et environnemental (GIEE) - Pays de la Loire	1	7
Demande de subvention DSIL 2021 - Rénovation énergétique des bâtiments publics	1	7
DDPP72 / IAHP / Déclaration Mise en place de volailles dans la ZCT départementale 72	1	7
Appel à projets "Amplification des PAT" Corse	1	7
Appel à projets Hauts-de-France 2023 « Collectifs en transition agro-écologique » - Volet renouvellement du financement pour les projets déjà reconnus GIEE	1	7
2022 NORMANDIE Appel à projets régional pour le Fond National d'Accompagnement Vers et Dans le Logement (FNAVDL)	1	7
Ministère du Travail de l'Emploi et de l'Insertion - Aide financière relative au contrat passerelle	1	7
FONDS VERT - DEMO BASCULE	1	7
Dépôt des dossiers complets - Appel à projets national Ecophyto 2021 - 2022 - Volet 2 DOM - Action 27	1	7
Calamités agricoles - 77 - apiculture	1	7
Refinancement 2023 CPO - MPCR / DRSPPI	1	7
AITA - Aide pour le Conseil de stratégie de transmission (CST) 2022 - AAP 3	1	7
Annuaire et demandes de rendez vous - Appel à projets Smart Citizen de la Solideo	1	7
Audit sur la consommation d'eau potable et d'énergie à Mayotte (2023)	1	7
Appel à projets Mise en place du contrat d'engagement jeune - volet Jeunes en rupture GUADELOUPE	1	7
Lutte anti-blanchiment	1	7
Appel à projets Hauts-de-France 2023 « Collectifs en transition agro-écologique » - Volet reconnaissance et financement d'un GIEE	1	7
DDT49 - Particuliers et personnes morales - Demande de subvention du Fonds de Prévention des Risques Naturels Majeurs (FPRNM) ou Fonds Barnier - version 2023.01	1	7
Bilan intermédiaire des actions de lutte contre la précarité menstruelle 2022 	1	7
Subvention pour les structures publiques Culture et Patrimoine	2	7
DOSSIER DE DEMANDE DE SUBVENTION -AIDE A LA FORMATION DES CADRES SPORTIFS DU TERRITOIRE DE LA CAPH	2	7
Corse-Appel à projets "Repérer et mobiliser les publics invisibles et en priorité les plus jeunes d'entre eux"	1	6
DREETS CORSE - ENREGISTREMENT DES IPRP EXTERNES	1	6
Intempéries cours d'eau Juin 2024.	1	6
DREETS Pays de la Loire - Appel à projets "Repérer et mobiliser les publics invisibles et en priorité les plus jeunes d'entre eux"	1	6
AGREMENT VIDANGEURS ASSAINISSEMENT NON COLLECTIF DÉPARTEMENT DU DOUBS	1	6
Ministère du Travail de l'Emploi et de l'Insertion - Dérogation collective à la durée hebdomadaire minimale de travail	1	6
Guadeloupe-Appel à projets "Repérer et mobiliser les publics invisibles et en priorité les plus jeunes d'entre eux"	1	6
Appel à projets Hauts-de-France 2024 « Collectifs en transition agro-écologique » - Volet reconnaissance et financement d'un GIEE	1	6
Demande de subvention DSID pour 2022	1	6
DDTM 62 - Demande de paiement de subvention au titre du FPRNM	1	6
FIPD-R 2022 : Axe R (prévention de la radicalisation) - Préfecture de l'Aube	1	6
Demande de subvention au titre de la Dotation Politique de la Ville (DPV) 2024 - Préfecture de la Haute-Corse	1	6
Rhône - Aide de trésorerie exceptionnelle suite au gel 2022	1	6
Dépôt de bilan financier, DRAJES CVL	1	6
Bilan des opérations de revitalisation du territoire dans l'Eure	1	6
Programmes d'incubation presse et médias (2024)	1	6
2. Consultation pour l'externalisation de la collecte des demandes de visa au Royaume-Uni	1	6
ADELI - Usagers  de titres professionnels 	1	6
2023 NORMANDIE Appel à projets régional pour le Fond National d'Accompagnement Vers et Dans le Logement (FNAVDL)	1	6
Haute-Saône - Plan de relance - appel à projets alimentation locale et solidaire	1	6
Présentation des Décisions Modificatives à l'EPRD 2024	1	6
Appel à projets 2021  Alimentation locale et solidaire  - Allier	1	6
Appel à projet 2021 Action de VAE et RAE salariés en situation de handicap au sein d'une entreprise adaptée des Hauts-De-France	1	6
Appel à candidatures pour la location temporaire de la boutique 10Sign Artisanat Paris - 1er semestre 2025 	1	6
AMI_ Label Point Conseil Budget _ DEETS MAYOTTE	1	6
FATEA - DOSSIER DE DEMANDE DE SUBVENTION 2021 - Création d'EA en établissement pénitentiaire	1	6
Accompagnement des agriculteurs en difficulté	1	6
LBC Ville Arborée	1	6
ANSM - Dossier de demande d’ouverture d’un établissement pharmaceutique fabricant/importateur dont l'activité est limitée à la certification des lots dans le cas d'un déménagement	1	6
APPEL A MANIFESTATION D’INTERET - CREATION DE STRUCTURES DE L’INSERTION PAR L’ACTIVITE ECONOMIQUE DANS LA MANCHE - DOSSIER DE CANDIDATURE	1	6
Appel à projets 2023 - Déploiement des Micro-Folies en Ile-de-France	1	6
Appel à manifestation d’intérêt pour la mobilisation de l’aide à la vie partagée - Habitat inclusif	1	6
Fact - Demande d'aide - Action individuelle	1	6
AITA - Aide pour le Conseil de stratégie de transmission (CST) 2023 - AAP 3	1	6
Collectivités - Actions PAPI BVA - Demande de subvention du Fonds de Prévention des Risques Naturels Majeurs (FPRNM) ou Fonds Barnier	1	6
Appel à projets Pacte haie - volet investissement 2e relève (62)	1	6
Demande d'enregistrement pour l'autorisation à délivrer la formation "Hygiène alimentaire en établissement de restauration commerciale" en région Centre-Val de Loire 	1	6
Demande d'autorisation de circulation d'un petit-train touristique dans le département de la Seine-Saint-Denis	1	6
Appel à projets 2021  Alimentation locale et solidaire  - Puy-de-Dôme	1	6
Appel à projets handicap - Département de la Manche 2024	1	6
DDETSPP41 / Influenza aviaire / Demande de LPS 2023	1	6
DEETS MAYOTTE - Demande d'agrément Entreprise Solidaire d'Utilité Sociale (ESUS)- Année 2024	1	6
DDETSPP79 / Demande LPS pour un mouvement de produits issus d'animaux provenant de ZONE REGLEMENTEE vis-à-vis de l'Influenza aviaire-2024	1	6
Financement2023-CLAT issue des actions recentralisées	1	6
AAP 2023 "Passage à la retraite - Conférence des financeurs des Yvelines	1	6
Programme 304 action 15 « Qualification en Travail Social » Subventions 2024	1	6
Appel à projets : Alimentation locale et solidaire	1	6
FIPDR EGALITE DES CHANCES QRR 2022	1	6
Doubs - Plan de relance - appel à projet jardins partagés	1	6
Nievre - Plan de relance - appel à projet jardins partagés	1	6
Appel à projet création d'entreprise adaptée HAUTS-DE-FRANCE	1	6
Demande d'agrément d'une association au titre de la protection de l'environnement - DDT84	1	6
Portage administratif et opérationnel du dispositif "prestation conseil en ressources humaines pour les TPE-PME" (PCRH)	1	6
PREFECTURE 45 - Demande d'agrément pour l'exploitation d'un établissement chargé d'organiser des stages de sensibilisation à la sécurité routière 	1	6
Appel à projets 2021  Jardins partagés et collectifs  - Savoie	1	6
Appel à projets Contrat d'engagement jeune - volet Jeunes en rupture (2ème vague)  - DREETS Pays de la Loire	1	6
2021 - Cantal - Demande d'adhésion au Label « qualité des formations au sein des écoles de conduite et reconnaissance des équivalences à ce label» 	1	6
AAP2023-Parc-national-de-forêts-Action4	1	6
ARS GUYANE - Appel à projets "Développement des usages numériques autour de la télésanté et de la coordination des soins" - Axe 2	1	6
PDASR 2022- Maine-et-Loire - Actions de sécurité routière - Demande d'aide matérielle	1	6
Vote des taux de la fiscalité directe locale - Oise - 2023	1	6
Dossier de demande de subvention | Exercice 2023	1	6
Dispositif d’urgence – Soutien aux maraîchers_inondation	1	6
DOSSIER DE DEMANDE DE SUBVENTION -AIDE A LA FORMATION DES CADRES SPORTIFS DU TERRITOIRE DE LA CAPH 2024	1	6
Déclaration de changement de bénéficiaire d'un plan d'eau de loisirs en Maine-et-Loire	1	6
Engagement ISP ou Personnel de santé SDIS 17 SPV autre SDIS	1	6
Consultation pour l'externalisation de la collecte des demandes de visa en Azerbaïdjan	1	6
Appel à projets solutions innovantes pour lutter contre le COVID-19	2	6
Bilan annuel de l'action "Soutien aux proches aidants" 2023-2024	1	5
Contrat triennal 2024-2026 Dispositif Agora	1	5
Agrément 2022-2026 des Centres d'Information sur les Droits des Femmes et des Familles (CIDFF), en Normandie	1	5
Fact - Demande d'aide - Action collective de construction d'outils et méthodes	1	5
Particuliers - Entreprises -  Demande de subvention du Fonds de Prévention des Risques Naturels Majeurs (FPRNM) DDT74	1	5
Demande d'accès à l'API Entreprise	1	5
AAP 2023 "Passage à la retraite" - Conférence des financeurs des Hauts-de-Seine	1	5
Nièvre (58) - Demande d'autorisation pour le transport d'animaux vivants	1	5
Enquête sur les perspectives et les défis des entreprises de la filière Automobile en Normandie	1	5
Demande de fermeture tardive d'un débit de boissons en Seine-Saint-Denis	1	5
Appel à projet : accompagnement à la création - reprise d'entreprise du public potentiellement éligible au dispositif PIJ (Projet Initiative Jeune)	1	5
DOSSIER DE DEMANDE DE SUBVENTION - SOUTIEN AUX ACTIONS, MANIFESTATIONS OU RASSEMBLEMENTS SPORTIFS SUR LE TERRITOIRE DE LA CAPH 2023	1	5
AAP 2023 Fonds de lutte contre les addictions - Lieu de santé sans tabac	1	5
HELP « aide aux entreprises en difficultés » Guyane - V1	1	5
CAF - DEMANDE DE SUBVENTION INVESTISSEMENT PETITE ENFANCE	1	5
Appel à projets plan de relance - volet agriculture - jardins partagés	1	5
Appel à Projets 2023 : Appui à l'émergence de GIEE ou Groupe 30 000 en Normandie	1	5
Nièvre - Plan de relance - Appel à projets alimentation locale et solidaire	1	5
Dossiers de demandes d'aides AITA - Conseil de stratégie de transmission - AAP 2	1	5
Appel à candidature de l'Agence régionale de santé Île-de-France pour l'habilitation des organismes intervenant dans la lutte contre les maladies humaines transmises par les moustiques	1	5
Appel à projets 2021 - Déploiement des Micro-Folies en Ile-de-France	1	5
Préfecture 43 - Demande d'agrément "Gardien de fourrière"	1	5
Dossier d'instruction insertion par l'activité économique - demande de conventionnement et de subvention entreprise d'insertion année 2023	1	5
Appel à Manifestation d'Intérêt : Fabriques de territoire 4	1	5
ANSM - Dossier de demande d'extension de l'autorisation d’un établissement pharmaceutique à l'activité d'exploitant (article R.5124-9-1 du code de la santé publique)	1	5
Dépôt de dossier "Prestation de serment"	1	5
Dossier de candidature - prescripteurs Colos apprenantes 2021 - automne 23/10 au 07/11	1	5
FIPD 2021 - Prévention de la délinquance : "Sécurisation des sites sensibles" - Préfecture de l'Essonne	1	5
Appel à projets pour accompagner les actions collectives d’animation en agriculture biologique en région des Pays de la Loire en 2024	1	5
Appels à projets "Prévention SAAD-SSIAD" - Conférence des financeurs des Yvelines	1	5
DOSSIER DE DEMANDE DE SUBVENTION - CLUBS SPORTIFS DE FOOTBALL DE LA PORTE DU HAINAUT - SAISON 2021/2022	1	5
CERFA N°15059*01 (Compte rendu financier de subvention) - Guyane 973	1	5
Demande de subvention Dotation Politique de la ville 971-2024- GUADELOUPE	1	5
Primo-engagement Sapeur-Pompier Volontaire - Majeur - SDIS 86	1	5
Projets en Prévention Promotion de la Santé RRAPPS ARS 25	1	5
1000 PREMIERS JOURS 	1	5
Appel à projets Pacte haie - volet investissement (02)	1	5
DOSSIER DE DEMANDE DE SUBVENTION - CLUBS SPORTIFS DE FOOTBALL DE LA PORTE DU HAINAUT - SAISON 2022/2023	1	5
Demande d'agrément (initiale, de renouvellement ou d'extension) d'un Etablissement d’Enseignement de la Conduite Automobile et de la Sécurité Routière  dans la Somme	1	5
FATEA - DOSSIER DE DEMANDE DE SUBVENTION 2023 - Priorité 3 : Implantation d'EA en établissement pénitentiaire	1	5
PACTE HAIES 2024 Provence-Alpes-Côte d'Azur : Aides aux investissements en faveur des haies et des alignements d'arbres intra-parcellaires 	1	5
Appel à projets handicap - Département de la Manche 2023	1	5
Primo-engagement Sapeur-Pompier Volontaire Personnel de santé SDIS 17	1	5
DEETS de La Réunion _ Formulaire de demande de Carte Mobilité Inclusion (CMI) « stationnement personnes handicapées » pour les personnes morales assurant du transport collectif.	1	5
Appel à Projets 2021 : Appui à l'émergence de GIEE ou Groupe 30 000 en Normandie	1	5
Appel à candidature : PORTAGE DU DISPOSITIF D'ACCOMPAGNEMENT POST-CRÉATION D’ACTIVITÉ EN GUYANE	1	5
Appel à Projets de la DREAL BOURGOGNE-FRANCHE-COMTÉ  relatif à l’animation d’évènements pour la Journée Nationale de la Qualité de l’Air 2024	1	5
Retours Bilan volet Emergence - Groupes 30 000 - 2023	1	5
Appel à projets 2021  Jardins partagés et collectifs  - Ain	1	5
Appel à candidatures Projets d’investissement dans le cadre de Projets Alimentaires Territoriaux ou de démarches visant à structurer l’économie agricole et à mettre en place un système alimentaire territorial en Martinique	1	5
2021 - Cantal - Demande de renouvellement au Label « qualité des formations au sein des écoles de conduite et reconnaissance des équivalences à ce label» 	1	5
Appel à projets 2021  Jardins partagés et collectifs  - Drôme	1	5
DEETS La Réunion -  Appel à projets "Repérer et mobiliser les publics invisibles et en priorité les plus jeunes d'entre eux" (4ème vague)	1	5
AAC Parcours Global Post-Traitement Cancer Martinique 2021	1	5
DOSSIER DE DEMANDE DE SUBVENTION -SOUTIEN AUX ACTIONS, MANIFESTATIONS OU RASSEMBLEMENTS SPORTIFS SUR LE TERRITOIRE DE LA CAPH 2022	1	5
Demande de subvention 2024 - CLIC intercommunaux et associations - Hauts-de-Seine	1	5
Appel à projets 2022 : Collectifs d'agriculteurs engagés dans la transition agro-écologique - Volet "Reconnaissance et financement de l'animation des groupes 30 000"	1	5
Demande d'agrément d'une association au titre de la protection de l'environnement - Préfecture de Mayotte	1	5
Programme 304 action 15 « Qualification en travail social  »  Subventions 2022	1	5
Refinancement 2023 CPO - Personnes en situation de handicap	1	5
Ministère du Travail du Plein emploi et de l'Insertion - Dérogation à la durée hebdomadaire minimale de travail en cas de cumul de contrats - 2023	1	5
DDTM 62 - Demande de subvention - Travaux de réduction de la vulnérabilité aux inondations dans le cadre d'un PAPI	1	5
Secrétariat Général Commun d'Indre-et-Loire - Action sociale 2023 - CLAS 37 : Activité artistique ou culturelle	1	5
Demande d'accompagnement en ingénierie ANCT59	1	4
Bilans techniques Volet A Emergence - "Groupes 30 000" Ecophyto Occitanie - Campagne 2024	1	4
[DEMO 2024] BAF Création d'une fondation d'entreprise (national)	1	4
DEETS Mayotte : Appel à projets «  Repérer et mobiliser les publics invisibles et en priorité les plus jeunes d’entre eux » 	1	4
Fact - Demande d'aide - Action collective inter-entreprise et/ou territoriale	1	4
Fiche déclarative préalable à la réalisation de sondage , forage, création de puits ou d'ouvrage souterrain dans le département des Landes au titre de l'article L. 214-1 du code de l'environnement (version mai 2024)	1	4
Demande de subvention au titre de la DETR et de la DSIL 2024 (Wallis et Futuna)	1	4
TZNR MARTINIQUE	1	4
Demande d'agrément pour les formations SSIAP (SOMME)	1	4
Appel à Projets 2022 : Appui à l'émergence de GIEE ou Groupe 30 000 en Normandie	1	4
Contrat triennal 2024-2026 Autres projets spécifiques	1	4
DREETS Normandie-Appel à projets "Repérer et mobiliser les publics invisibles et en priorité les plus jeunes d'entre eux"- vague 2021	1	4
Outiller la médiation numérique - mobilier d'inclusion numérique (Bourgogne-Franche-Comté)	1	4
Préfecture de l'Hérault - FIPD 2023 - programme S (Sécurisation des établissements scolaires)	1	4
Dossier d'instruction insertion par l'activité économique - entreprises d'insertion année 2020	1	4
UD075 - Autorisation de travail - Introduction d'un salarié étranger	1	4
Initiatives ados / Innov'Jeunes 2021 - Caf de la Haute-Vienne	1	4
2e session - DEMANDE D'INDEMNISATION POUR LES TRAVAUX DE L'AVENUE DURAND MAILLANE	1	4
Appel à projets 2021  Alimentation locale et solidaire  - Haute-Loire	1	4
Appel à projets 2021 - Jardins partagés et collectifs - Val-d'Oise (95)	1	4
Appel à projets 2021  Jardins partagés et collectifs  - Ardèche	1	4
Volont’R, grand programme de Service Civique  pour les jeunes réfugiés et primo-arrivants en Ile-de-France	1	4
DEMANDE D'AUTORISATION DE DESTRUCTION A TIR D’ESPÈCES SUSCEPTIBLES D'OCCASIONNER DES DÉGÂTS (ESOD) - ANNÉE 2022 en Sarthe	1	4
Appel à projets Hauts-de-France 2024 Pacte en faveur de la haie Volet ANIMATION	1	4
HELP « aide aux entreprises en difficultés » Cantal - V1	1	4
ACTIONS RECENTRALISEES_CLAT 2022 	1	4
Dossier d'instruction insertion par l'activité économique - demande de conventionnement et de subvention entreprises de travail temporaire d'insertion - année 2023	1	4
Appel à manifestation d'intérêt 2022 pour soutenir les actions du PRITH  à Mayotte	1	4
Demande de convention dans le cadre du dispositif "Permis à un euro par jour" entre l'Etat et un établissement d'enseignement de la conduite et de la sécurité routière - Département des Vosges	1	4
Demande de subvention 2023 - Veille et Sécurité Sanitaire 	1	4
Côte-d'Or - Plan de relance - appel à projet jardins partagés	1	4
Appel à projets 2021  Alimentation locale et solidaire  - Ardèche	1	4
HANDICAP    -    Dossier de demande d'aide financière 2020 - Investissement / Equipement 	1	4
Demande d'autorisation pour une manifestation publique ou sportive dans le cœur du Parc national de forêts	1	4
LBC Balivage	1	4
DOSSIER DE DEMANDE DE SUBVENTION -AIDE AUX SPORTIFS TITRES DU TERRITOIRE DE LA CAPH	1	4
Demande de subvention "Culture" auprès de Pornic agglo Pays de Retz - Année 2023	1	4
SESAME Parcours Emploi Sport Animation Aveyron	1	4
Demande de Fonds de secours outre-mer (FSOM) ouragan TAMMY du 21/10/2023 au 22/10/2023: Collectivités locales (Annexe 8)	1	4
DEETS 976 - Demande d'agrément pour organiser des sessions d'examen conduisant au titre professionnel du Ministère du travail	1	4
Déclaration de changement d'identité du représentant légal d'un établissement scolaire privé	1	4
FIPD-R 2020 : Axe R (prévention de la radicalisation) - Préfecture de l'Aube	1	4
DEMANDE D'INDEMNISATION POUR LES TRAVAUX DE L'AVENUE DURAND MAILLANE	1	4
Demande d'autorisation de survol du cœur du Parc national de forêts	1	4
FNADT - Exercice 2023	1	4
Appel à projets 2021 - Jardins partagés et collectifs - Seine-et-Marne (77)	1	4
Dossier d'instruction insertion par l'activité économique - demande de conventionnement et de subvention entreprise d'insertion année 2021	1	4
Dotation de Soutien à l'Investissement Départemental  2023	1	4
Consultation pour l'externalisation de la collecte des demandes de visa en Afrique du Sud	1	4
Appels à projets 2021 CFPPA de la Guadeloupe - Développement d’autres actions collectives de prévention en direction des personnes âgées en perte d’autonomie vivant à domicile et hébergées dans les EHPAD du Département  de la Guadeloupe	1	4
Demande de subvention DSIL classique pour 2021 - Arrondissement de Saint-Denis - La Réunion	1	4
Candidature à l'appel à projet Aide au fret nationale de Mayotte	1	4
Inscription au wébinaire de rentrée La bonne alternance 	1	4
Programme 304 action 19 « stratégie interministérielle de prévention et de lutte contre la pauvreté »  Subventions 2022	1	4
DOSSIER DE DEMANDE DE SUBVENTION - CLUBS SPORTIFS DE FOOTBALL DE LA PORTE DU HAINAUT - SAISON 2023/2024	1	4
phase 2 - consultation pour l'externalisation de la collecte de demandes de visa - groupement de commandes pour le lot n°1 - "PAVILLON TEMOIN" publiée	1	4
ARS Guyane - Appel à projets régional cybersécurité - Phase 2	1	4
Aide d’urgence de soutien - grêle de juin 2022 - ISERE	1	4
Demande de subvention "PEEJ" auprès de Pornic agglo Pays de Retz - Année 2024	1	4
DOSSIER DE DEMANDE DE SUBVENTION - SOUTIEN AUX ACTIONS, MANIFESTATIONS OU RASSEMBLEMENTS SPORTIFS SUR LE TERRITOIRE DE LA CAPH 2024	1	4
Appel à projets Fonds d'initiatives territoriales concerté État, Région, Département de la Meuse	1	4
Abondement du dispositif du contrat d'engagement jeune - volet Jeunes en rupture	1	4
CERFA N°12156*05 (Subvention association) - Guadeloupe 971	1	4
avec siret	1	3
PSE TEST 	1	3
DAAF 974 / Recensement et localisation des ruchers 2022	1	3
Appel à Manifestation d'Intérêt : Fabriques numériques de territoire	1	3
Appel à projets 2021  Alimentation locale et solidaire  - Drôme	1	3
Ile-de-France Appel à projets  Repérer et mobiliser les publics « invisibles » et en priorité les plus jeunes d’entre eux : Vague 2	1	3
Appel à projet "Groupes 30 000 Ecophyto" 2021 Occitanie	1	3
Appel à projets 2021  Jardins partagés et collectifs  - Allier	1	3
Caf 77 - Appel à projets - Aides exceptionnelles Covid 19 (2020)	1	3
DETR 2020 - arrondissement de Vendôme	1	3
Habilitation régionale au titre de l'aide alimentaire - 2ème campagne 2023	1	3
ADELI - Changement de situation 	1	3
92-Demande d'émission d'un arrêté pour manifestation (sportive, brocante, fête diverse, défilé, film, concert...) sur places existantes ou sur voie de circulation (route, piste cyclable, voie de bus ou trottoir)v3	1	3
Appel à projet départemental 2023 :  «  Aide alimentaire » 	1	3
Demande de subvention DSIL classique pour 2021 - Arrondissement de Saint-Paul - La Réunion	1	3
E-vitrine "French Tourism Solutions"	1	3
Dotation de la Politique de la Ville - Année 2023	1	3
Appel à manifestation d'intérêt 2023 pour la labellisation des Points Conseil Budget (PCB) en Hauts-de-France	1	3
94-Demande d'arrêté pour occupation du domaine public par un commerce (AOT)	1	2
Demande de premier agrément d'un établissement d’enseignement de la conduite et de la sécurité routière - Département de la Meuse	1	2
 Appel à projets - Plan Départemental d'Actions de Sécurité Routière - 2023- Seine-Saint-Denis                                                                           	1	2
Appel à projets - Opération "C'est mon patrimoine ! " 2023 en Ile-de-France	1	2
La Réunion - Appel à projets "Repérer et mobiliser les publics invisibles et en priorité les plus jeunes d'entre eux"	2	2
MILDECA 2021	1	2
Appel à projets 2021  Alimentation locale et solidaire  - Ain	1	2
Dossier de candidature appel à projet centres de suivi et de prise en charge des auteurs de violences conjugales (CPCA) en région PACA 	1	2
Fonds d'urgence bio - Allier	1	2
DETR 2020 - préfecture de Loir-et-Cher - arrondissement de Blois	1	2
92-Demande de permis de stationnement pour mise en place d'un échafaudage, sur places existantes ou sur voie de circulation (route, piste cyclable, voie de bus ou trottoir)	1	2
DSID 2021 - préfecture de Loir-et-Cher	1	2
AGGLOMERATION BEZIERS MEDITERRANEE - Fonds de soutien pour les entreprises impactées par la crise du COVID-19 (mesure 2)	1	2
Réponse à l'appel à projets Parrainage 2023	1	2
Finances : demande d'adhésion à l'UGAP	1	2
MILDECA 2023	1	2
Demande de subvention de fonctionnement pour les associations 2023	1	2
DDCSPP40 / IAHP / Décontamination Foyers 2020-21	1	2
Appel à projets plan de relance - volet agriculture -alimentation locale et solidaire	1	2
Appel à projet FEBECS 2021 - Demande de subvention du Fonds d'échanges à but éducatif, culturel et sportif	1	2
V3DDPP53_IAHP_demandes_de_crédits_DRAAF PDL	1	2
Appel à projets CARSAT Normandie SENIORS EN VACANCES 2023	1	2
Demande d'agrément d'une association complémentaire de l'enseignement public	2	2
DIECCTE Martinique-Appel à projets "Repérer et mobiliser les publics invisibles et en priorité les plus jeunes d'entre eux"	1	1
FDI - AAP 2020 - Outil de suivi au titre des emplois créés/maintenus	1	1
Demande de données Filocom	2	1
Appel à projets 2021-22 Déploiement des Micro-Folies en Nouvelle Aquitaine	1	1
Salon de l'élevage du ragondin breton	1	1
Aide d’urgence en vue de soutenir les exploitations agricoles les plus fragiles économiquement et touchées par les épisodes de grêle de mai-juin 2022	1	1
ADELI - Changement de situation  	1	1
DDETSPP79 / Demande LPS pour un mouvement de viandes et produits issus d'animaux provenant de ZONE DE PROTECTION vis-à-vis de l'Influenza aviaire	1	1
AITA - Aide pour le Diagnostic d'exploitation à céder (DEC) 2023 - AAP 1	1	1
Appel à projets PRSE3 Prévention des risques environnementaux chez la femme enceinte et le jeune enfant	1	1
94-Demande de permis de stationnement pour mise en place d'un échafaudage, sur places existantes ou sur voie de circulation (route, piste cyclable, voie de bus ou trottoir)	1	1
Appel à Manifestation d'Intérêt 2021 - Conférence des Financeurs du Puy-de-Dôme -  Actions collectives de prévention de la perte d'autonomie des personnes âgées de 60 ans et plus vivant à domicile	1	1
Déclaration de manifestation sur la voie publique	1	1
AAP-MILDECA-2021 - Préfecture de la Guadeloupe	1	1
Demande d'INSCRIPTION BTS MHR 1ère Année 2023 Lycée Funay Hélène Boucher Le Mans	1	1
Appel à projets 2021  Alimentation locale et solidaire  - Cantal	1	1
TEST	1	1
Plan d'organisation de surveillance et de secours des établissements de baignade d'accès payant.(P.O.S.S.). Demande de dérogation BNSSA - 2021	1	1
DETR 2020 - arrondissement de Romorantin-Lanthenay	1	1
Mois sans tabac 2022 : saisie d'un projet	1	1
AAP-MILDECA-2023 - Préfecture de la Guadeloupe	1	1
AAP2023-Parc-national-de-forêts-Action11	1	1
DREETS Auvergne-Rhône-Alpes - Demande d'agrément organisme de formation CSE - mission Santé Sécurité et Conditions de Travail	1	1
FranceRelance : Fonds "Transformation numérique des collectivités territoriales" > Développer la coopération avec mes partenaires et usagers grâce au numérique > Reporting Projet 5	1	1
Rationnement AURA	2	1
AAP-FIPD-2020 - Préfecture de la Guadeloupe	1	1
Demande de subvention - CLIC intercommunaux et associations - Hauts-de-Seine	1	1
Appel à candidatures au titre de la Convention CNSA section IV - Actions de soutien aux aidants de personnes en situation de handicap - Conseil départemental de l'Orne (61) - Normandie	1	1
Demande de subvention France services 2023 - Côtes d'Armor	1	1
COMMUNAUTE DE COMMUNES DE L'ERNEE - Fonds de soutien pour les TPE impactées par l'état d'urgence sanitaire du COVID-19	1	1
Dossier de candidature - prescripteurs Colos apprenantes - été/automne 2023	1	1
ADELI - Auxiliaires médicaux 	1	1
Appel à Projets de la DREAL BOURGOGNE-FRANCHE-COMTÉ  relatif à l’animation d’évènements pour la Journée Nationale Qualité de l’Air  2020	1	1
Appel à Projets Drac Draaf 2021	1	1
DPP72 / Infuenza aviaire / demande LPS (V2)	1	1
DEMANDE D'AIDE DE TRESORERIE EXCEPTIONNELLE 2023 pour les exploitations en Agriculture Biologique en difficulté dans le département des Alpes de Haute Provence	1	1
Appel à Projets Jeunes Citoyens du Haut-Rhin 2021	1	1
APPEL A PROJET DÉPARTEMENT DE SEINE ET MARNE 2023 RELATIF A L’INTEGRATION DES ETRANGERS PRIMO-ARRIVANTS DONT LES BENEFICIAIRES DE LA PROTECTION INTERNATIONALE   PROGRAMME 104 ACTION 12 	1	1
Physique ou morale	1	1
DDPP44 / IAHP / demande de LPS pour un mouvement de viandes ou produits issus d'animaux provenant de ZONE de PROTECTION	1	1
AAP2023-Parc-national-de-forêts-Action7	1	1
Appel à projets Carsat Normandie pour les associations à vocation régionale dans les domaines sanitaires et sociaux ciblés 2023	1	1
Plan d'organisation de surveillance et de secours des établissements de baignade d'accès payant.(P.O.S.S.). Demande de dérogation BNSSA - 2023	1	1
Appel à projets PDASR 2021 - Vosges	1	0
Appel à Projets de la DREAL BOURGOGNE-FRANCHE-COMTÉ  relatif à l’animation d’évènements pour la Journée Nationale Qualité de l’Air 2021	1	0
Bloc répétables	1	0
DDETSPP46 / IAHP / Demande de LPS 2022 2023 	1	0
Appel à Projets Labellisation Capitale French Tech 2023-2025	1	0
Finances : état récapitulatif détaillé des paiements effectués v2	1	0
Plan d'organisation de surveillance et de secours des établissements de baignade d'accès payant.(P.O.S.S.). Demande de dérogation BNSSA.	1	0
Plan Departemental d'Actions de Sécurité Routière Seine Maritime : Appel à projet 2019	1	0
Appel à projet "Groupes 30 000 Ecophyto" 2019 Occitanie	1	0
Sécheresse 2022 Lot - Dérogation SIE cultures dérobées	1	0
94-Demande de permis de stationnement, sur voie de circulation (route, piste cyclable, voie de bus ou trottoir), pour déménagement ou livraison de matériels	1	0
DEMANDE D'AUTORISATION INDIVIDUELLE DE CHASSE ANTICIPÉE DU SANGLIER pour la période du 1er juin 2023 au 14 août 2023 en Sarthe	1	0
FDI 2022 - Mayotte - Demande de subvention	1	0
 ANNEXE : Demande de dérogation à la protection des espèces : RANACULTURE	1	0
DDPP29 / Demande LPS pour un mouvement de produits issus d'animaux provenant de ZONE REGLEMENTÉE vis-à-vis de l'Influenza aviaire	1	0
Enregistrement des professionnels de santé au répertoire ADELI 	1	0
Appel à manifestation d'intérêt "Innovation sociale"	1	0
Transmission des Rapports d'analyse des RIA 1 et 2 de l'exercice 2022	1	0
Constat de présence d'espèces ESOD sur la Haute-Garonne	1	0
Appel à projets pour le portage du dispositif relatif à la mise en œuvre de la prestation « Conseil en ressources humaines pour les TPE-PME ».	1	0
92-Demande de permis de stationnement, sur voie de circulation (route, piste cyclable, voie de bus ou trottoir), pour déménagement ou livraison de matériels	1	0
Déclaration d’un local industriel par une personne physique	3	0
Appel à Manifestation d'Intérêt (Exercice 2023) - Conférence des Financeurs du Puy-de-Dôme -  Actions d'accompagnement des proches aidants. 	1	0
Demande de retournement de prairies	1	0
Appel à candidature de l'Agence Régionale de Santé Nouvelle-Aquitaine pour l'habilitation des organismes intervenant dans la lutte contre les maladies humaines transmises par les insectes	1	0
DDETSPP53 / Influenza aviaire / Demande de LPS	2	0
MILDECA 2023 - Mission interministérielle de lutte contre les drogues et les conduites addictives – Préfecture des Yvelines	1	0
APPEL A PROJETS 2020 - Fonds Interministériel de prévention de la délinquance (FIPD) - Sécurisation des établissement scolaires -  DEPARTEMENT DU NORD	1	0
Appel à projet Ile-de-France 2020 parrainage-marrainage	1	0
APPEL A PROJETS 2023 : « SPORTS DE NATURE »	1	0
93-Demande de permis de stationnement pour mise en place d'un échafaudage, sur places existantes ou sur voie de circulation (route, piste cyclable, voie de bus ou trottoir)	1	0
APPEL A CANDIDATURES DECEMBRE 2022 RELATIF A L'ATTRIBUTION DE POSTES DE MEDIATEURS EN CONTRAT D'ADULTES-RELAIS	1	0
AAP-MILDECA-2020 - Préfecture de la Guadeloupe	1	0
Appel à projets FIPD 2023 - Equipements des polices municipales - Préfecture de la Guadeloupe	1	0
Référencement des offres d'importation de masques de protection individuelle / Listing of import offers for personal protective masks	1	0
Candidature pour la session nationale de l'IHEDN - programme outre-mer	1	0
DIRECCTE Auvergne-Rhône-Alpes - Demande d'agrément organisme de formation CSE - mission économique	1	0
Demande de laissez-passer PERMANENT Mouvement de viandes provenant de ZONE REGLEMENTEE vis-à-vis de l'IAHP 2023 / département 16	1	0
Demande de laissez-passer PERMANENT Mouvement de viandes provenant de ZONE REGLEMENTEE vis-à-vis de l'IAHP 2022-2023 / département 40	1	0
Demande de subvention "PEEJ / Associations gestionnaires" auprès de Pornic agglo Pays de Retz - Année 2023	1	0
Demande de subvention DSIL classique pour 2023 - Arrondissement de Saint-Paul - La Réunion	1	0
DOSSIER DE DEMANDE DE SUBVENTION - CLUBS SPORTIFS DE FOOTBALL DE LA PORTE DU HAINAUT - SAISON 2019/2020	1	0
Financement du dispositif de téléalarme - Hauts-de-Seine - 2023	1	0
DIECCTE de Mayotte - Appel à projets "Fonds de Développement de l'Inclusion" (FDI) exceptionnel pour la relance inclusive et la croissance de l'IAE	1	0
CTM - Demande de subvention d'indemnisation suite au passage de l'ouragan Beryl	1	0
MODELE DS - Crise porcine - accompagnement des exploitants en difficultés	1	0
Entreprise : Demande de contrôle de mon salarié ou de ma salariée	1	0
Demande de laissez-passer - Mouvement d'OEUFS provenant de ZONE REGLEMENTEE vis-à-vis de l'IAHP 2023 / département 64	1	0
APPEL A PROJETS 2020 - Fonds Interministériel de prévention de la délinquance (FIPD) - Equipement des polices municipales	1	0
Appel à Manifestation d'Intérêt (Exercice 2021) - Conférence des Financeurs du Puy-de-Dôme -  Actions d'accompagnement des proches aidants. 	1	0
DDETSPP32 / IAHP / Demande de laissez-passer PERMANENT / Mouvement de viandes issues d'animaux provenant de ZONE REGLEMENTEE vis-à-vis de l'IAHP - 2023	1	0
Aide d'urgence gel printemps 2021 - Territoire de Belfort	1	0
TEST ANSM - Dossier de demande d’ouverture d’un établissement pharmaceutique exploitant	1	0
Ile de France -Appel à projets "Repérer et mobiliser les publics invisibles et en priorité les plus jeunes d'entre eux"	1	0
MODELE DS - Questionnaire préalable au dépôt éventuel d'une DAPE	1	0
 DiNA CUMA - Volet Aide au Conseil StratégiqueAppel à Projets 2020 en Occitanie	1	0
Appel à projet Pass Numériques	1	0
Demande d'aide de trésorerie exceptionnelle au Fonds d'Urgence pour l'Agriculture Biologique	1	0
Enregistrement des professionnels de santé au répertoire ADELI - psychologues	1	0
Appel à projet Pass Numériques 2020	1	0
APPEL A PROJETS 2023 : « Le sport comme outil de prévention de la violence »	1	0
Déclaration d’un local industriel par une personne morale	3	0
Fonds d'urgence pour accompagner les exploitations en agriculture biologique en difficulté du Jura	1	0
AITA - Aide pour le Diagnostic d'exploitation à céder (DEC) 2023 - AAP 2	1	0
DDPP45 / Influenza aviaire / Demande de Mise en place	1	0
DSID 2020 - préfecture de Loir-et-Cher	1	0
Demande de subvention - Projet d'échanges à but éducatif, culturel ou sportif à destination de jeunes	1	0
92-Demande de permis de stationnement, sur places existantes, pour déménagement (ou livraison de matériels)	1	0
Fonds de développement de la vie associative - Bilans 2018 - 2019 - Meurthe et Moselle	1	0
Appel à Projets Drac Draaf 2019	1	0
DIECCTE Guyane - Appel à projets "Repérer et mobiliser les publics invisibles et en priorité les plus jeunes d'entre eux"	1	0
93-Demande d'arrêté pour occupation du domaine public par un commerce (AOT)	1	0
94-Demande de permis de stationnement, sur places existantes, pour déménagement (ou livraison de matériels)	1	0
DOSSIER DE DEMANDE DE SUBVENTION - CLUBS SPORTIFS DE HAUT NIVEAU DE LA PORTE DU HAINAUT - SAISON 2019/2020	1	0
MODELE DS - Demande de cumul RSA et travail saisonnier	1	0
93-Demande d'émission d'un arrêté pour manifestation (sportive, brocante, fête diverse, défilé, film, concert...) sur places existantes ou sur voie de circulation (route, piste cyclable, voie de bus ou trottoir)	1	0
93-Demande de permis de stationnement, sur voie de circulation (route, piste cyclable, voie de bus ou trottoir), pour déménagement ou livraison de matériels	1	0
DIRECCTE Auvergne-Rhône-Alpes - Procédure de réactivation du numéro de déclaration d'activité d'un organisme de formation	1	0
92-Demande d'émission d'un arrêté pour manifestation (sportive, brocante, fête diverse, défilé, film, concert...) sur places existantes ou sur voie de circulation (route, piste cyclable, voie de bus ou trottoir)	1	0
94-Demande de permis de stationnement, sur places existantes, pour déménagement (ou livraison de matériels) v2	1	0
92-Demande d'arrêté pour occupation du domaine public par un commerce (AOT)	1	0
92-Demande de permis de stationnement, sur places existantes, pour déménagement (ou livraison de matériels) v2	1	0
93-Demande de permis de stationnement, sur places existantes, pour déménagement (ou livraison de matériels) v2	1	0
DEMANDE DE PRELEVEMENT SUPERFICIEL  D'EAU ANNUELLE 2024 AUTRES BASSINS VERSANT	1	0
Parcours culturel de l'élève - Demande de mise en paiement	1	0
Programme d’animation et de promotion de la Route 71 avec les chambres d’hôtes, gîtes et autres non-inscrits au RCS 	1	0
FIPD 2020 - Prévention pour la délinquance - Préfecture de l'Essonne	1	0
APPEL A PROJETS 2023 : « Evènements festifs autour de la célébration du sport et des Jeux olympiques et paralympiques 2024»	1	0
Appel à projets : diagnostic sur la précarité en milieu rural	1	0
Appel à projet FIPD RADICALISATION REPLI COMMMUNAUTAIRE 2020 - Prévention de la délinquance demande de subventions - préfecture de l'Hérault	1	0
AID - IA 2020-2021 : Outil d’aide à la conduite multi-capteurs	1	0
DOSSIER DE DEMANDE DE SUBVENTION -SOUTIEN AUX ACTIONS, MANIFESTATIONS OU RASSEMBLEMENTS SPORTIFS SUR LE TERRITOIRE DE LA CAPH	1	0
DDETSPP65 / Influenza aviaire / Demande de LPS 2022-23	1	0
Employeurs : Réclamation sur un dossier d'indemnités journalières	1	0
Jeunes en Librairie Martinique - 2022/2023	1	0
Appel à projets FIPD 2020 (fonds interministériel de prévention de la délinquance et de la radicalisation) - Préfecture de l'Oise	1	0
Enquête - Accès à l'emploi des publics hébergés	1	0
AGGLOMERATION BEZIERS MEDITERRANEE - Fonds de soutien pour les entreprises TPE impactées par la crise du COVID-19	1	0
Dossier administratif - Informations administratives préalables à toute requête de demande d'immatriculation ou de titre de navigation	1	0
DIRECCTE ARA - Demande d'agrément pour organiser des sessions d'examen conduisant au titre professionnel du ministère du travail (ou certificat complémentaire de spécialisation)	1	0
Appel à projet "Groupes 30 000 Ecophyto" 2020 Occitanie	1	0
DDPP50 / Influenza aviaire / Demande de LPS	1	0
DDPP 64 / Maladie de Newcastle / Demande de LPS 2022-2023	1	0
ARS Île-de-France - Appel à Projets : santé du jeune enfant et déterminants sociaux	1	0
Demande aide d'urgence gel printemps 2021 - Doubs	1	0
DDETSPP40 / IAHP / Décontamination Foyers 2022 2023	1	0
Partenariat JEP - Meurthe et Moselle - 2020	1	0
Demande de subvention 2020 - Fonds d'échanges à but éducatif, culturel et sportif (FEBECS)	1	0
Déclaration de manifestations sur voie publique dans le Calvados	1	0
Défenseurs syndicaux d'Ile-de-France : retrait de la liste	1	0
Appel à projets FIPD 2020 - Sécurisation des établissements scolaires - Préfecture de la Guadeloupe	1	0
Appel à candidatures pour l'habilitation d'organismes chargés de la mise en oeuvre des missions de Lutte anti-vectorielle (LAV) en Centre-Val de Loire pour la période 2024-2027	1	0
La Réunion -  Appel à projets "Repérer et mobiliser les publics invisibles et en priorité les plus jeunes d'entre eux" (3ème vague)	1	0
DDPP31 / Influenza aviaire / Demande de dérogation à l'obligation de claustration	1	0
Appel à projets 2021 pour la reconnaissance et le financement de l'animation en tant que groupement d'intérêt économique et environnemental (GIEE) - Pays de la Loire	1	0
Demande de dérogation à la protection des espèces : RANACULTURE - campagne 2021	1	0
TEST: formulaire de test de Démarches-simplifiées SOFTEAM	1	0
Inscription à une sortie dans une ferme pédagogique de Moselle. 2022/2023	1	0
Saône-et-Loire - Plan de relance - appel à projets alimentation locale et solidaire	1	0
Fonds d'urgence gel et grêle 2022 - département du Lot	1	0
DDETSPP32 / IAHP / Déclaration de mise sur parcours réduit des palmipèdes âgés entre 42 et 56 jours en ZRD ou ZRP - 2023	1	0
Appel à projet Ile-de-France 2021 parrainage-marrainage	1	0
DDPP45 / Influenza aviaire / Demande de LPS	1	0
Demande de subvention DSIL classique pour 2021 - Arrondissement de Saint-Benoît - La Réunion	1	0
DDPP 64 / IAHP & Newcastle / Demande de LPS 2022-2023	1	0
Dossiers de demandes d'aides AITA - Conseil de stratégie de transmission - AAP 3	1	0
Appel à projets 2021  ALIMENTATION LOCALE ET SOLIDAIRE Volet B : Martinique	1	0
Appel à projets 2021  Alimentation locale et solidaire  - Savoie	1	0
Demande de subvention DSIL classique pour 2021 - Arrondissement de Saint-Pierre - La Réunion	1	0
Finances : état récapitulatif détaillé des paiements effectués	1	0
SNU 2021 - Candidature pour l'animation du module "éducation et sécurité routière"	1	0
Fonds d'urgence en soutien aux agriculteurs sinistrés par les épisodes de gel en 2021 en Côte d'Or	1	0
FDI - AAP 2020 - Outil de suivi au titre des emplois créés/maintenus (campagne de juin 2021)	1	0
Appel à projets FIPD 2021 - Equipements des polices municipales - Préfecture de la Guadeloupe	1	0
Côte d'Or - Plan de relance - appel à projets alimentation locale et solidaire	1	0
Demande d'aide à l'achat d'un vélo et/ou d'équipements de sécurité	1	0
Fonds d'urgence 77 - Episode de gel avril 2021	1	0
Puy-de-Dôme - Aide d’urgence de soutien suite à la crise Covid et au gel 2021	1	0
Demande de subvention 2023 - Ariane	1	0
DDETSPP24 / IAHP / Demande de LPS / Campagne 2023 	1	0
Déclaration de forage existant	1	0
Fonds d'urgence bio - AIN	1	0
Appel à Projets Labellisation Communautés French Tech France 2023-2025	1	0
Appel à manifestation d’intérêt pour la mise en œuvre d’actions de prévention en  EHPAD en Haute-Marne 2023	1	0
Demande de subvention "Enseignement" auprès de Pornic agglo Pays de Retz - Année 2023	1	0
FIPD 2023 : Axe S - Sécurisation - Préfecture de l'Aube	1	0
AITA - Aide pour le Conseil de stratégie de transmission (CST) 2023 - AAP 1	1	0
Contrôle de conformité des GAEC - 2022 - DDT du Territoire de Belfort	1	0
DDETSPP79 / Demande LPS pour un mouvement de produits issus d'animaux provenant de ZONE REGLEMENTEE vis-à-vis de l'Influenza aviaire-2023	1	0
Dotation de soutien à l'investissement local (DSIL) - RELANCE 2020- Département du Morbihan	1	0
Eté culturel 2023 - DRAC Grand Est (Inscription Jeunes ESTivants)	1	0
DEMANDE D'AUTORISATION DE DESTRUCTION A TIR D’ESPÈCES SUSCEPTIBLES D'OCCASIONNER DES DÉGÂTS (ESOD) - ANNÉE 2023 en Sarthe	1	0
Programme 137 « Egalité entre les femmes et les hommes » Subventions 2023 - VOSGES	1	0
DDETSPP24 / IAHP / Demande de LPS / Campagne 2022 - 2023	1	0
Demande de subvention DSIL classique pour 2023 - Arrondissement de Saint-Benoît - La Réunion	1	0
Demande de subvention DSIL classique pour 2023 - Arrondissement de Saint-Pierre - La Réunion	1	0
PREFECTURE DE LA LOZERE / SECURITE ROUTIERE - Demande de subvention - Appel à projet PDASR au titre de l'année 2023	1	0
Enquête Irrigation : relevés annuels d'index de prélèvements d'eau pour la campagne 2020 et estimation des besoins en prélèvements d'eau 2021 pour le département de l'Aisne (02)	1	0
Dépôt de projet - Phase 1 - Appel à manifestation d'intérêt "Refuges pour animaux sauvages captifs"	1	0
MILDECA 2023 -  Mission interministérielle de lutte contre les drogues et les conduites addictives – Préfecture de l'Aube	1	0
AITA - Aide pour le Suivi du Nouvel Exploitant (SNE) 2023 - AAP 1	1	0
DDETSPP40 / IAHP / Déclaration de mise sur parcours réduit des palmipèdes âgés entre 42 et 56j en ZRD ou ZRP - 2022 2023	1	0
Enquête Irrigation : relevés annuels d'index de prélèvements d'eau pour la campagne 2022 et estimation des besoins en prélèvements d'eau 2023 pour le département de l'Aisne (02)	1	0
Dispositif d’urgence – Soutien aux exploitations BIO en difficulté Aisne	1	0
Département du Doubs - Fonds d'urgence pour accompagner les exploitations en agriculture biologique en difficulté	1	0
